user,email_count,active_days,high_email_activity,psych_risk_score,anomaly_label,is_insider,future_risk_score,future_threat,combined_score,risk_level
AAE0190,329,327,1,36,1,0,-0.9944683032993569,0,-0.010625854281383096,LOW
AAF0535,73,73,1,17,1,0,-2.82089853286507,0,-0.030141188666692603,LOW
AAF0791,214,214,1,14,1,0,0.938899134760554,1,0.010032099924937617,LOW
AAL0706,25,25,0,37,1,0,-3.854978150838465,0,-0.04119028827044938,LOW
AAM0658,74,74,1,43,1,0,-3.2405461351706357,0,-0.03462510661242974,LOW
AAN0823,24,24,0,24,1,0,-3.5282638504610664,0,-0.03769935896085103,LOW
AAS0442,68,68,1,36,1,0,-3.886500078559053,0,-0.04152709881485386,LOW
AAV0450,24,24,0,44,1,0,-3.405226295041962,0,-0.03638470757308584,LOW
AAW0353,74,74,1,49,-1,1,-2.5587925488076992,0,0.5726594033518081,MEDIUM
ABC0174,418,415,1,15,-1,1,1.5835152902098402,1,0.6169197979164216,HIGH
ABC0253,217,215,1,21,1,0,-0.23769959561976495,0,-0.0025398107284260022,LOW
ABH0663,70,70,1,47,1,0,-2.981906588460449,0,-0.03186155333916053,LOW
ABM0845,23,23,0,45,1,0,-3.2792405821251704,0,-0.03503855523967455,LOW
ABN0239,213,210,1,21,1,0,0.04940469547128035,0,0.0005278872068141781,LOW
ACC0042,262,261,1,23,1,0,-0.6826785709424927,0,-0.007294393387693679,LOW
ACV0812,212,211,1,42,1,0,-0.7034278626687334,0,-0.0075160987448111005,LOW
ADC0391,220,217,1,50,1,0,0.49648365830777474,1,0.005304908149172402,LOW
ADD0846,24,24,0,18,1,0,-2.925756233564391,0,-0.031261589029595346,LOW
ADF0397,223,221,1,39,1,0,-0.9052295334906775,0,-0.009672341574048999,LOW
AES0827,23,23,0,39,1,0,-3.7085574789637414,0,-0.039625789213052404,LOW
AGB0186,73,73,1,18,1,0,-2.941140049428427,0,-0.03142596449045271,LOW
AGB0643,73,72,1,32,1,0,1.7961736049027583,1,0.019192043553768266,LOW
AHC0142,241,239,1,34,1,0,-1.1712399666577473,0,-0.012514652476048674,LOW
AHD0848,25,25,0,24,1,0,-3.564324141636686,0,-0.03808466173833034,LOW
AHG0634,71,71,1,31,1,0,-3.834248860076641,0,-0.04096879662284153,LOW
AHM0410,206,206,1,34,1,0,-0.8710848144676306,0,-0.009307506608858108,LOW
AIB0948,24,24,0,42,1,0,-3.5650941411092534,0,-0.03809288915208008,LOW
AIH0675,209,208,1,25,1,0,-0.6202785879595873,0,-0.0066276520505014124,LOW
AIM0627,363,362,1,36,1,0,-0.2619639363637216,0,-0.0027990742445418073,LOW
AIP0394,216,214,1,17,1,0,0.3168607054919599,1,0.0033856440400195386,LOW
AIP0982,249,247,1,43,1,0,-0.7971090403134904,0,-0.008517078403246631,LOW
AIS0405,213,212,1,40,1,0,-0.8435327577619722,0,-0.009013113978408828,LOW
AJC0840,24,24,0,14,1,0,-2.3601400682728886,0,-0.025218002791962374,LOW
AJD0074,277,274,1,19,1,0,-0.2479758276818973,0,-0.002649611859434022,LOW
AJF0370,287,286,1,37,1,0,-1.0858903052222824,0,-0.011602694737054118,LOW
AJH0175,345,343,1,19,1,0,0.048789205200140406,0,0.0005213107177385144,LOW
AJL0462,24,24,0,16,1,0,-2.6593423621057,0,-0.028414967405490123,LOW
AJN0607,349,347,1,45,1,0,-0.1533545406070227,0,-0.001638587169115784,LOW
AJP0723,25,25,0,24,1,0,-3.564324141636686,0,-0.03808466173833034,LOW
AJR0319,459,455,1,40,-1,1,1.255008565200123,1,0.6134097166208925,HIGH
AJR0932,221,219,1,46,1,0,-0.3134136260595246,0,-0.003348812133337457,LOW
AKC0924,217,217,1,40,1,0,-0.7653644203504948,0,-0.008177888401086113,LOW
AKF0709,23,23,0,42,1,0,-3.5307907938232908,0,-0.037726359250206884,LOW
AKH0758,74,74,1,24,1,0,-3.451482701531362,0,-0.03687895543730241,LOW
AKK0329,72,72,1,45,1,0,-3.1299211839989276,0,-0.03344308340753143,LOW
AKR0057,248,246,1,50,1,0,0.049054851197624094,0,0.0005241491346597268,LOW
AKW0167,261,260,1,38,1,0,-1.1165253882685569,0,-0.01193002938137389,LOW
ALB0892,97,97,1,25,-1,1,-2.2091795877300737,0,0.5763950039405535,MEDIUM
ALC0788,73,73,1,34,1,0,-3.750203451928807,0,-0.0400707747783691,LOW
ALD0529,71,71,1,35,1,0,-3.8083572883849492,0,-0.04069214620874675,LOW
ALD0544,193,192,1,16,1,0,0.6683215982219457,1,0.007140989704997919,LOW
ALH0402,221,220,1,43,1,0,-0.6861030301710456,0,-0.0073309835983966405,LOW
AMD0077,424,418,1,23,-1,1,0.8587888724325594,1,0.6091761249570915,HIGH
AMH0464,24,24,0,45,1,0,-3.3129950706555453,0,-0.035399220607566534,LOW
AMH0794,208,207,1,43,1,0,-0.591056575520452,0,-0.006315416009436213,LOW
AMJ0297,24,24,0,16,1,0,-2.6593423621057,0,-0.028414967405490123,LOW
AMM0014,434,427,1,48,-1,1,2.2603847366758654,1,0.624152121040051,HIGH
AMR0318,365,360,1,45,1,0,0.2478405456217645,1,0.0026481663760002236,LOW
AMR0400,215,214,1,19,1,0,-0.012960727164016639,0,-0.00013848485443798805,LOW
AMV0036,339,337,1,43,1,0,-0.4773951196697179,0,-0.005100947872771832,LOW
AMW0392,274,272,1,47,1,0,-0.4165834208237513,0,-0.00445117728843368,LOW
ANM0123,270,269,1,22,1,0,-0.5754725951384285,0,-0.006148901798662553,LOW
ANP0555,217,215,1,13,1,0,0.998033709082742,1,0.010663950500420504,LOW
ANT0430,215,213,1,12,1,0,1.2164655873339763,1,0.012997886434834844,LOW
AOB0019,266,265,1,11,-1,1,1.1639069941400757,1,0.6124362999562513,HIGH
AOK0844,35,35,0,11,-1,1,-2.188172878345843,0,0.5766194597951118,MEDIUM
AOS0987,208,207,1,16,1,0,0.5046748318206498,1,0.00539243051248209,LOW
APG0307,25,25,0,43,1,0,-3.5218436885099247,0,-0.03763075978566427,LOW
AQD0820,212,211,1,41,1,0,-0.7742200179284902,0,-0.008272510109114572,LOW
ARA0252,213,213,1,39,1,0,-0.7974290582695435,0,-0.008520497782383367,LOW
ARB0834,23,23,0,40,1,0,-3.6575000524433157,0,-0.039080242640689544,LOW
ARB0881,71,71,1,38,1,0,-3.7028369401931034,0,-0.03956466548373279,LOW
ARD0509,65,65,1,50,-1,1,-2.7542602662610487,0,0.57057083856248,MEDIUM
ARL0034,339,336,1,41,1,0,-0.7068380290463401,0,-0.007552536236969977,LOW
ASB0796,211,211,1,30,1,0,-0.8260560682043904,0,-0.00882637624534713,LOW
ASD0577,23,23,0,40,1,0,-3.6575000524433157,0,-0.039080242640689544,LOW
ASG0048,253,252,1,41,1,0,-0.9518841976147498,0,-0.0101708448052576,LOW
ASG0692,213,213,1,26,1,0,-0.6141360233616641,0,-0.006562018991996713,LOW
ASL0378,219,218,1,15,1,0,0.5788555939603,1,0.00618504900656856,LOW
ASM0575,24,24,0,42,1,0,-3.5650941411092534,0,-0.03809288915208008,LOW
ASS0206,343,341,1,12,-1,1,1.1657523202865387,1,0.6124560171927573,HIGH
ASS0517,71,70,1,36,1,0,1.8402063141267928,1,0.019662531301117073,LOW
ASV0946,23,23,0,35,1,0,-3.8308064846494245,0,-0.04093201497826818,LOW
ATE0869,526,521,1,13,-1,1,4.486917463171125,1,0.6479425346972547,HIGH
ATF0274,221,220,1,20,1,0,-0.1923771319592078,0,-0.0020555420062026942,LOW
ATP0662,365,364,1,17,1,0,0.9390386908371242,1,0.010033591076067118,LOW
AVM0947,23,23,0,10,-1,1,-1.6232123271032646,0,0.5826560408226987,MEDIUM
AWM0764,75,75,1,47,1,0,-2.7743566634574397,0,-0.029643890642544548,LOW
BAH0875,394,390,1,43,1,0,0.1649150638972825,1,0.001762110900833816,LOW
BAJ0654,72,72,1,36,1,0,-3.7433236055270984,0,-0.03999726389310477,LOW
BAK0964,25,25,0,25,1,0,-3.6358682526283785,0,-0.03884910771973231,LOW
BAL0044,267,262,1,14,1,0,1.2980362020025564,1,0.013869465209377516,LOW
BAM0611,365,365,1,25,1,0,0.5688885522282356,1,0.006078551561944125,LOW
BAM0636,65,65,1,13,-1,1,-2.4996816520899174,0,0.5732910009330293,MEDIUM
BBG0325,365,365,1,41,1,0,0.5266374365724278,1,0.005627100071036895,LOW
BBH0810,224,224,1,40,1,0,-0.7915273046777229,0,-0.008457437779904396,LOW
BBS0039,269,269,1,44,1,0,-0.45453099656162843,0,-0.0048566456264235855,LOW
BBS0422,248,248,1,39,1,0,-0.8701634326535925,0,-0.009297661680808613,LOW
BCB0679,208,206,1,46,1,0,-0.18520275574829914,0,-0.001978884081637361,LOW
BCM0653,71,71,1,45,1,0,-3.1695766563428758,0,-0.03386680055285242,LOW
BCR0581,23,23,0,20,1,0,-3.121052660693287,0,-0.033348323588616995,LOW
BDB0453,25,25,0,41,1,0,-3.6656810522936856,0,-0.03916765629881986,LOW
BDI0533,90,89,1,37,-1,1,1.2804495069265973,1,0.6136815520717257,HIGH
BDV0168,358,358,1,45,1,0,0.7430985218086315,1,0.007939978160442998,LOW
BEC0505,370,367,1,35,1,0,-0.6543244367185219,0,-0.006991430590851277,LOW
BEH0615,354,346,1,24,1,0,1.6119247519758868,1,0.017223351885851345,LOW
BER0314,347,347,1,23,1,0,0.4062923395855742,1,0.004341217494570016,LOW
BHC0665,212,212,1,14,1,0,0.951265810627981,1,0.010164237364890614,LOW
BHW0458,23,23,0,36,1,0,-3.812541274463514,0,-0.040736851933643826,LOW
BIH0745,356,354,1,43,1,0,-0.2619953890150415,0,-0.002799410314870625,LOW
BIS0247,221,221,1,36,1,0,-0.9302341832449283,0,-0.009939515262505624,LOW
BJH0354,335,333,1,22,1,0,-0.4045643358669462,0,-0.0043227538435407055,LOW
BJH0811,219,217,1,48,1,0,-0.048341460441975626,0,-0.000516526582799545,LOW
BJM0111,75,75,1,22,1,0,-3.261352814744582,0,-0.03484742515641819,LOW
BJP0134,25,25,0,42,1,0,-3.597861458192705,0,-0.03844300663231094,LOW
BJW0619,358,357,1,30,1,0,-0.3397630682489121,0,-0.003630354875495502,LOW
BKW0374,266,264,1,41,1,0,-1.0012533128727996,0,-0.010698351838908054,LOW
BLB0114,200,198,1,38,1,0,-0.7033998505873715,0,-0.0075157994368354915,LOW
BLL0929,210,207,1,44,1,0,-0.12916524224559267,0,-0.0013801254778736428,LOW
BLS0678,211,210,1,35,1,0,-0.9961995775921118,0,-0.010644352878366917,LOW
BMC0547,212,211,1,41,1,0,-0.7742200179284902,0,-0.008272510109114572,LOW
BMG0917,222,220,1,43,1,0,-0.6238234074412212,0,-0.0066655283057231035,LOW
BMM0112,74,74,1,40,1,0,-3.470676824495091,0,-0.037084043878024824,LOW
BMS0877,362,360,1,31,1,0,-0.6226512320607809,0,-0.00665300365838798,LOW
BMT0528,74,74,1,33,1,0,-3.720578302369069,0,-0.03975423123319871,LOW
BNG0237,213,212,1,39,1,0,-0.8958372888797417,0,-0.009571985813810286,LOW
BNR0965,24,24,0,47,1,0,-3.1039379615725085,0,-0.03316545370898006,LOW
BQS0525,102,102,1,42,-1,1,-1.5830940211118971,0,0.5830847033271405,MEDIUM
BRB0355,331,331,1,33,1,0,-0.34982256721603666,0,-0.003737840222000521,LOW
BRM0995,221,221,1,20,1,0,-0.043219583005854816,0,-0.0004617995260368914,LOW
BRS0734,408,404,1,32,1,0,-0.12388433585048797,0,-0.0013236992030071276,LOW
BSA0431,216,216,1,50,1,0,0.2576904879912991,1,0.0027534126185918186,LOW
BSB0990,203,203,1,34,1,0,-0.8508831524763439,0,-0.00909165265368529,LOW
BSH0445,222,222,1,38,1,0,-0.877975174050456,0,-0.009381129827044676,LOW
BSS0369,277,277,1,39,1,0,-0.7722667245878652,0,-0.008251639247431582,LOW
BSS0463,25,25,0,32,1,0,-3.907144003113036,0,-0.04174767832792504,LOW
BTL0226,217,217,1,36,1,0,-0.9135428753930759,0,-0.009761169301743413,LOW
BTL0722,25,25,0,39,1,0,-3.7767258034757094,0,-0.04035416505013744,LOW
BTN0061,219,217,1,42,1,0,-0.6788128390340893,0,-0.007253088195951209,LOW
BTR0403,213,213,1,47,1,0,-0.13185852987719943,0,-0.0014089031491341115,LOW
BTS0011,438,423,1,25,-1,1,11.040485265689346,1,0.717967146101848,HIGH
BTW0005,598,594,1,33,-1,1,6.213867509002794,1,0.6663949272746291,HIGH
BVC0790,266,264,1,24,1,0,-0.8543871141910182,0,-0.009129092345291495,LOW
BVN0514,70,70,1,36,1,0,-3.8179358091128215,0,-0.04079449232188872,LOW
BWH0813,212,211,1,36,1,0,-0.989186821819241,0,-0.010569421861756101,LOW
BWP0202,255,255,1,20,1,0,-0.09942424514488613,0,-0.0010623441063340264,LOW
BXJ0010,447,446,1,46,-1,1,2.591881320329554,1,0.6276941488563162,HIGH
BYP0070,217,217,1,30,1,0,-0.8578226136015659,0,-0.009165800519900121,LOW
CAA0612,374,367,1,20,1,0,1.2159565452600274,1,0.012992447340513861,LOW
CAB0388,208,208,1,37,1,0,-0.8432760443662255,0,-0.009010371005982022,LOW
CAB0614,398,398,1,17,-1,1,2.227666426453002,1,0.623802527196177,HIGH
CAC0889,70,70,1,46,1,0,-3.0989181385692266,0,-0.033111817099774676,LOW
CAH0936,213,210,1,40,1,0,-0.4828150891842087,0,-0.005158860031539935,LOW
CAM0102,218,215,1,31,1,0,-0.712949643882977,0,-0.007617838598505872,LOW
CAM0681,210,210,1,41,1,0,-0.6709543745320201,0,-0.007169120815193703,LOW
CAN0842,24,24,0,38,1,0,-3.786451948206048,0,-0.04045808851987633,LOW
CAS0507,75,75,1,14,-1,1,-2.334982518741303,0,0.5750508046245358,MEDIUM
CBB0365,260,259,1,37,1,0,-1.1527120993015194,0,-0.012316682950002544,LOW
CBG0398,212,212,1,40,1,0,-0.7415636491331768,0,-0.00792357810693124,LOW
CBG0490,347,345,1,50,1,0,0.4909149127799812,1,0.005245406324617392,LOW
CCA0046,255,255,1,36,1,0,-0.9620102488304192,0,-0.01027904125989225,LOW
CCC0393,218,218,1,35,1,0,-0.9318952094996291,0,-0.00995726326199585,LOW
CCH0182,67,67,1,42,1,0,-3.5887242098814056,0,-0.03834537549739537,LOW
CCH0685,213,213,1,47,1,0,-0.13185852987719943,0,-0.0014089031491341115,LOW
CCL0068,219,218,1,13,1,0,0.9462871717630765,1,0.01011104080656634,LOW
CCM0136,24,24,0,16,1,0,-2.6593423621057,0,-0.028414967405490123,LOW
CCM0467,24,24,0,43,1,0,-3.489259313583125,0,-0.03728259703510358,LOW
CCM0855,367,367,1,31,1,0,0.31636919500752625,1,0.0033803922700354817,LOW
CCR0863,368,367,1,20,1,0,0.5853399398167418,1,0.006254333984231544,LOW
CCW0031,344,342,1,33,1,0,-0.8774342481360653,0,-0.00937535005515625,LOW
CCW0524,74,73,1,40,1,0,1.8733995374256573,1,0.020017199572325884,LOW
CEB0210,342,337,1,42,1,0,-0.1878150622295418,0,-0.0020067964725259436,LOW
CEJ0109,209,209,1,21,1,0,-0.10181732936608225,0,-0.0010879141160901368,LOW
CEL0561,215,215,1,40,1,0,-0.7563554106748134,0,-0.008081627490893438,LOW
CFG0959,23,23,0,42,1,0,-3.5307907938232908,0,-0.037726359250206884,LOW
CFM0767,74,74,1,46,1,0,-2.9365866456669965,0,-0.031377311552302,LOW
CFW0264,215,215,1,19,1,0,0.12162199435395427,0,0.001299526174065795,LOW
CGA0629,359,354,1,36,1,0,-0.46379274850292407,0,-0.004955607077675491,LOW
CGB0637,69,69,1,20,1,0,-3.295024069066392,0,-0.035207201170101,LOW
CGF0337,74,74,1,32,1,0,-3.7234750949840927,0,-0.03978518334711578,LOW
CHG0146,338,336,1,40,1,0,-0.7225029665584557,0,-0.007719915471459874,LOW
CHM0821,25,25,0,48,1,0,-3.018781671433491,0,-0.032255562134599736,LOW
CIG0052,255,252,1,17,1,0,0.145564916945778,1,0.0015553553500054227,LOW
CIM0271,219,219,1,24,1,0,-0.4782810700775817,0,-0.005110414217655083,LOW
CIM0926,216,215,1,31,1,0,-1.0042383997166793,0,-0.010730247373149924,LOW
CJC0494,346,345,1,40,1,0,-0.3604502690276965,0,-0.0038513967933080477,LOW
CJF0802,215,215,1,36,1,0,-0.9041746221431974,0,-0.00966106988824372,LOW
CJG0470,23,23,0,44,1,0,-3.371288851532151,0,-0.03602208733851274,LOW
CJH0702,24,24,0,46,1,0,-3.212565628890697,0,-0.03432613601531413,LOW
CJK0200,265,264,1,40,1,0,-1.0135914800182235,0,-0.010830184664299934,LOW
CJM0138,24,24,0,10,-1,1,-1.6633714323417708,0,0.5822269423799236,MEDIUM
CJM0521,101,101,1,13,-1,1,-0.6597542985868481,0,0.5929505515509732,MEDIUM
CJP0952,21,21,0,45,-1,1,-3.2071235326530037,0,0.5657320125666117,MEDIUM
CJV0286,65,65,1,18,-1,1,-3.189921486128676,0,0.5659158157497827,MEDIUM
CKB0427,214,212,1,38,1,0,-0.864398036798103,0,-0.00923605865532085,LOW
CKB0482,365,364,1,36,1,0,-0.22625551038438751,0,-0.002417531132694892,LOW
CKD0680,210,207,1,18,1,0,0.4821767029189077,1,0.0051520388996769894,LOW
CKH0144,206,205,1,34,1,0,-0.9583928899586744,0,-0.01024038992417134,LOW
CKP0721,25,25,0,40,1,0,-3.7253024924912452,0,-0.03980470901682365,LOW
CLB0774,75,75,1,49,-1,1,-2.5139327452899414,0,0.5731387285688007,MEDIUM
CLD0894,73,73,1,19,1,0,-3.053185790454943,0,-0.03262316877846002,LOW
CLF0852,371,367,1,36,1,0,-0.5882993515149864,0,-0.006285955180563129,LOW
CLH0703,23,23,0,48,-1,1,-2.9539064583433152,0,0.5684376269378753,MEDIUM
CLS0296,25,25,0,27,1,0,-3.7543638910953856,0,-0.04011522890544782,LOW
CMB0912,420,418,1,46,-1,1,1.3190993493159675,1,0.6140945241009651,HIGH
CMM0487,357,353,1,39,1,0,-0.5908771981677543,0,-0.006313499369554558,LOW
CMS0454,23,23,0,43,1,0,-3.455138917313333,0,-0.03691802195756416,LOW
CMW0783,71,70,1,21,1,0,2.680178788321579,1,0.02863760379116492,LOW
CNB0900,72,72,1,34,1,0,-3.789420662832026,0,-0.04048980911762087,LOW
CNE0352,413,411,1,39,1,0,0.5127709239385518,1,0.005478936934866862,LOW
CNM0800,216,211,1,32,1,0,0.35326343707793106,1,0.0037746057796682617,LOW
COF0120,244,237,1,14,1,0,3.175177134665331,1,0.03392664144105672,LOW
COM0321,366,365,1,38,1,0,-0.1361268221546259,0,-0.0014545096824140704,LOW
CPG0322,366,363,1,17,1,0,0.4243038867250639,1,0.004533670159628832,LOW
CQH0701,23,23,0,35,1,0,-3.8308064846494245,0,-0.04093201497826818,LOW
CQH0730,366,360,1,21,1,0,0.5201208055967592,1,0.005557470128158607,LOW
CQW0652,73,73,1,10,-1,1,-1.7497420769593817,0,0.5813040754762213,MEDIUM
CRD0624,352,350,1,26,1,0,-0.5509476157545776,0,-0.005886853369042289,LOW
CRK0916,233,231,1,32,1,0,-1.1077322059624513,0,-0.011836074578043988,LOW
CRO0027,213,212,1,19,1,0,0.003987702477358246,0,4.2608442422286004e-05,LOW
CRP0456,23,23,0,37,1,0,-3.7860780593137426,0,-0.04045409353192761,LOW
CSB0080,267,266,1,35,1,0,-1.1919132834986328,0,-0.012735546044536784,LOW
CSC0217,259,259,1,40,1,0,-0.797073078732691,0,-0.008516694155185597,LOW
CSH0626,388,386,1,33,1,0,-0.2009545699968729,0,-0.0021471915906021532,LOW
CSJ0340,71,71,1,45,1,0,-3.1695766563428758,0,-0.03386680055285242,LOW
CSL0949,24,24,0,36,1,0,-3.847942317668092,0,-0.0411151106727638,LOW
CSP0197,265,263,1,37,1,0,-1.206045033091731,0,-0.012886543227070469,LOW
CTA0020,270,268,1,36,1,0,-1.2408182539724473,0,-0.013258093709621761,LOW
CTR0341,107,107,1,45,-1,1,-0.8979405986654738,0,0.5904055404047552,MEDIUM
CTR0697,23,23,0,36,1,0,-3.812541274463514,0,-0.040736851933643826,LOW
CTW0500,326,321,1,38,1,0,-0.4967826857952693,0,-0.005308103245987156,LOW
CUD0795,215,214,1,12,1,0,1.177011368807751,1,0.012576319678554514,LOW
CWB0065,222,221,1,50,1,0,0.13078648065079213,0,0.0013974483457738836,LOW
CWR0502,332,329,1,41,1,0,-0.7617861614775203,0,-0.008139654847297473,LOW
CXC0336,74,74,1,23,1,0,-3.3805927173631023,0,-0.0361214987750012,LOW
CYA0506,71,71,1,16,1,0,-2.7630965219469106,0,-0.029523576478199965,LOW
DAG0558,206,206,1,20,1,0,0.04421073057706256,0,0.00047238989842790556,LOW
DAL0673,224,221,1,39,1,0,-0.672188753611566,0,-0.007182310106580595,LOW
DAR0885,102,102,1,43,-1,1,-1.4942568973391996,0,0.5840339244625493,MEDIUM
DBB0384,208,206,1,40,1,0,-0.7015151925944727,0,-0.007495661941114062,LOW
DBG0261,214,214,1,45,1,0,-0.35855481093709124,0,-0.0038311438989720305,LOW
DBS0235,209,208,1,30,1,0,-0.9156299322512134,0,-0.009783469421292677,LOW
DBW0483,363,361,1,17,1,0,0.5546894403751297,1,0.005926834616340534,LOW
DCC0160,420,416,1,36,-1,1,0.15480494703016112,1,0.6016540847040799,HIGH
DCH0843,25,25,0,20,1,0,-3.19617354735316,0,-0.03415098727582335,LOW
DDA0476,354,351,1,36,1,0,-0.8232216347450578,0,-0.008796090436529272,LOW
DDM0579,24,24,0,33,1,0,-3.8786929438353597,0,-0.04144367989073747,LOW
DEB0782,69,69,1,42,1,0,-3.5210491393861147,0,-0.03762227005986709,LOW
DFH0188,69,69,1,35,1,0,-3.8795943621406255,0,-0.041453311509489464,LOW
DFR0218,268,267,1,45,1,0,-0.5964761474822773,0,-0.006373323920369892,LOW
DGF0443,208,205,1,39,1,0,-0.47047854050002447,0,-0.005027044499342052,LOW
DGM0754,371,370,1,42,1,0,0.21355899100574205,1,0.0022818693279388767,LOW
DGN0480,365,364,1,21,1,0,0.4157256510270517,1,0.004442012052260277,LOW
DGW0752,366,353,1,40,1,0,8.29516504474014,1,0.0886335086930351,LOW
DHM0937,220,219,1,43,1,0,-0.6798143657926623,0,-0.0072637894695465515,LOW
DIB0081,209,209,1,34,1,0,-0.8897526341529132,0,-0.009506971519975779,LOW
DIB0285,214,212,1,13,1,0,1.0315551780480001,1,0.011022126063523914,LOW
DIC0988,212,211,1,44,1,0,-0.534044757667612,0,-0.005706247002428984,LOW
DID0650,74,74,1,45,1,0,-3.0461100643113714,0,-0.03254756492594193,LOW
DIW0118,313,310,1,37,1,0,-1.089802941516502,0,-0.01164450110029415,LOW
DJB0159,461,458,1,20,-1,1,1.946346121960685,1,0.620796630927777,HIGH
DJS0682,214,214,1,22,1,0,-0.2484240474710277,0,-0.002654401070059972,LOW
DKB0631,72,72,1,34,1,0,-3.789420662832026,0,-0.04048980911762087,LOW
DLF0377,216,215,1,39,1,0,-0.9183099522558049,0,-0.009812105328486,LOW
DLH0029,219,218,1,36,1,0,-1.041373017199509,0,-0.011127029284507305,LOW
DLM0051,518,510,1,37,-1,1,3.2948027506056956,1,0.6352048363911479,HIGH
DLS0383,214,213,1,10,1,0,1.6091929273251846,1,0.017194162448074046,LOW
DMG0358,261,259,1,19,1,0,-0.287928712895386,0,-0.0030765068494411213,LOW
DMK0257,220,220,1,33,1,0,-0.9405592162605667,0,-0.010049837829761564,LOW
DMM0623,350,346,1,36,1,0,-0.7815039552335816,0,-0.008350338689615175,LOW
DOL0332,70,70,1,32,1,0,-3.8759216372058924,0,-0.04141406858958684,LOW
DOP0562,223,223,1,42,1,0,-0.6580753677886424,0,-0.007031509140201094,LOW
DPM0423,219,218,1,37,1,0,-1.0165978474888462,0,-0.01086230758119245,LOW
DPS0262,215,214,1,20,1,0,-0.14589168156546028,0,-0.0015588468169747932,LOW
DRR0162,268,268,1,45,1,0,-0.35958835796174893,0,-0.0038421873078373844,LOW
DRR0242,277,277,1,39,1,0,-0.7722667245878652,0,-0.008251639247431582,LOW
DSB0731,368,365,1,26,1,0,-0.4914431668432526,0,-0.005251050698280431,LOW
DSM0591,25,25,0,20,1,0,-3.19617354735316,0,-0.03415098727582335,LOW
DTP0379,230,227,1,45,1,0,-0.2606982388619128,0,-0.0027855503170582355,LOW
DTT0076,419,407,1,42,-1,1,6.4173379269048,1,0.6685690006000693,HIGH
DVM0265,221,221,1,47,1,0,-0.16401639499650011,0,-0.0017525086593594087,LOW
DVW0103,218,216,1,40,1,0,-0.805389773142662,0,-0.008605557704290131,LOW
DZC0228,218,217,1,37,1,0,-1.0096988829146383,0,-0.010788592419015088,LOW
EAH0466,23,23,0,41,1,0,-3.5982444986342452,0,-0.03844709940419938,LOW
EBC0390,224,224,1,40,1,0,-0.7915273046777229,0,-0.008457437779904396,LOW
ECF0828,25,25,0,40,1,0,-3.7253024924912452,0,-0.03980470901682365,LOW
ECL0930,218,218,1,28,1,0,-0.769906795036327,0,-0.008226423494002561,LOW
ECR0822,24,24,0,16,1,0,-2.6593423621057,0,-0.028414967405490123,LOW
EDA0684,219,219,1,38,1,0,-0.8664930761963483,0,-0.009258444067993787,LOW
EDB0714,23,23,0,21,1,0,-3.2257523336364993,0,-0.03446703543122879,LOW
EFS0882,73,73,1,40,1,0,-3.5124480018436923,0,-0.037530367247201574,LOW
EGD0132,24,24,0,37,1,0,-3.821296152096555,0,-0.040830397453065,LOW
EGD0409,220,220,1,39,1,0,-0.8286784129521221,0,-0.008854395894714033,LOW
EGK0893,67,67,1,21,1,0,-3.451594260329311,0,-0.036880147438622994,LOW
EHB0420,270,269,1,45,1,0,-0.5923417988051753,0,-0.006329148569133896,LOW
EHB0824,25,25,0,46,1,0,-3.244601156643411,0,-0.0346684343556415,LOW
EHD0584,24,24,0,38,1,0,-3.786451948206048,0,-0.04045808851987633,LOW
EHR0096,224,224,1,22,1,0,-0.2964390761754083,0,-0.0031674397427220134,LOW
EIM0156,218,218,1,19,1,0,0.10553508952064443,0,0.0011276382355260666,LOW
EIP0997,222,222,1,42,1,0,-0.6547684907287894,0,-0.0069961752902957045,LOW
EIS0041,239,239,1,41,1,0,-0.7582709017798777,0,-0.008102094437192451,LOW
EJW0884,73,73,1,46,1,0,-2.979418818377285,0,-0.031834971614733934,LOW
ELB0847,22,22,0,12,-1,1,-1.9470270077322318,0,0.5791960938348255,MEDIUM
ELH0960,22,22,0,40,1,0,-3.6212947439820633,0,-0.03869339035927903,LOW
ELT0769,68,68,1,19,1,0,-3.2209880872032555,0,-0.03441612964751272,LOW
EMB0531,75,75,1,31,1,0,-3.6764672121589292,0,-0.03928290598812975,LOW
EMS0317,351,350,1,15,1,0,1.0338524575960866,1,0.011046672404156974,LOW
EMW0105,270,266,1,35,1,0,-0.8513894212224302,0,-0.009097062115108327,LOW
EMW0772,70,70,1,46,1,0,-3.0989181385692266,0,-0.033111817099774676,LOW
ENC0234,214,211,1,21,1,0,0.03556342402665158,0,0.0003799937717476798,LOW
ENL0100,219,219,1,39,1,0,-0.824725519079625,0,-0.008812159380850724,LOW
EPW0434,217,217,1,32,1,0,-0.9134610934334624,0,-0.009760295464756538,LOW
ERH0449,22,22,0,44,1,0,-3.3358153810968307,0,-0.03564305471731194,LOW
ESA0642,71,71,1,32,1,0,-3.8400754018685097,0,-0.041031052990228384,LOW
ESH0135,23,23,0,35,1,0,-3.8308064846494245,0,-0.04093201497826818,LOW
ESH0283,213,213,1,44,1,0,-0.4509444640403117,0,-0.0048183236690313635,LOW
ESJ0670,330,329,1,42,1,0,-0.4351755217991482,0,-0.0046498331481467465,LOW
ESR0693,222,222,1,35,1,0,-0.948084405890302,0,-0.01013024418175896,LOW
ETR0177,264,260,1,18,1,0,0.23047908238250758,1,0.0024626598315685097,LOW
ETR0428,225,223,1,36,1,0,-1.0298977521980952,0,-0.011004416534215782,LOW
EWH0191,345,338,1,33,1,0,0.5197448434134067,1,0.005553452987177481,LOW
EZH0736,337,335,1,44,1,0,-0.40302001047697433,0,-0.004306252788150164,LOW
EZT0640,72,71,1,12,-1,1,4.151826255456321,1,0.6443620984658163,HIGH
FAW0032,339,339,1,43,1,0,0.1991102826504434,1,0.002127485453633141,LOW
FBA0348,334,332,1,41,1,0,-0.6962619408805988,0,-0.007439531155416967,LOW
FBW0747,400,397,1,43,1,0,0.2993705186807094,1,0.0031987620893390335,LOW
FDE0117,347,346,1,38,1,0,-0.4527764960359886,0,-0.0048378988580648485,LOW
FEB0306,24,24,0,40,1,0,-3.6921692984347705,0,-0.039450682155683044,LOW
FFC0891,70,70,1,38,1,0,-3.7397419544755466,0,-0.0399589940940229,LOW
FGW0853,342,342,1,25,1,0,0.1489884680199276,1,0.001591935857114693,LOW
FHO0630,348,344,1,28,1,0,-0.7439061510712206,0,-0.007948607647002982,LOW
FHS0837,24,24,0,23,1,0,-3.4483393063691716,0,-0.03684536838497362,LOW
FIR0920,217,216,1,40,1,0,-0.8729758197590658,0,-0.009327711925212033,LOW
FKB0163,218,216,1,39,1,0,-0.8594589741793179,0,-0.009183284967612839,LOW
FKK0055,289,288,1,46,1,0,-0.40774905199601563,0,-0.0043567824087577065,LOW
FLM0213,340,340,1,20,1,0,0.6220318223584316,1,0.006646385290345679,LOW
FMG0527,72,72,1,43,1,0,-3.3236473184998063,0,-0.03551303945225647,LOW
FOB0756,88,88,1,42,-1,1,-2.5817768615399124,0,0.5724138168841048,MEDIUM
FPC0954,24,24,0,22,1,0,-3.360217342612413,0,-0.03590378870590086,LOW
FQA0854,338,336,1,41,1,0,-0.6537788392045762,0,-0.0069856009031073465,LOW
FRB0023,258,258,1,45,1,0,-0.39689234204977697,0,-0.00424077889463741,LOW
FRL0511,70,70,1,20,1,0,-3.2628081474981183,0,-0.034862975329026706,LOW
FRR0832,24,24,0,43,1,0,-3.489259313583125,0,-0.03728259703510358,LOW
FSB0399,221,221,1,23,1,0,-0.3902269844688877,0,-0.004169559813895606,LOW
FSC0601,341,340,1,37,1,0,-0.5795085198963259,0,-0.006192025494235115,LOW
FTM0406,214,214,1,31,1,0,-0.8752933754433071,0,-0.009352474915553743,LOW
FUM0015,428,427,1,33,-1,1,1.2006389469661458,1,0.6128287794117608,HIGH
FWM0707,24,24,0,50,-1,1,-2.7288655757093747,0,0.5708421798213494,MEDIUM
FXF0957,24,24,0,35,1,0,-3.8663904797519075,0,-0.04131222855114323,LOW
GAF0060,214,212,1,41,1,0,-0.7027292998371377,0,-0.007508634628729876,LOW
GAF0570,215,215,1,31,1,0,-0.8804576784336294,0,-0.009407655287676231,LOW
GBM0603,358,358,1,39,1,0,0.260450421032141,1,0.0027829023934001895,LOW
GCC0744,351,345,1,35,1,0,-0.08712875919866225,0,-0.0009309673278586242,LOW
GCC0945,25,25,0,30,1,0,-3.8706251641085285,0,-0.041357475985125604,LOW
GCG0951,23,23,0,33,1,0,-3.842743038857583,0,-0.04105955658539323,LOW
GCL0016,279,278,1,45,1,0,-0.5653007685054605,0,-0.006040216235514067,LOW
GCR0554,215,215,1,16,1,0,0.5806328694827266,1,0.006204039124862446,LOW
GCS0518,73,73,1,41,1,0,-3.44411643563652,0,-0.03680024717909365,LOW
GCS0571,24,24,0,22,1,0,-3.360217342612413,0,-0.03590378870590086,LOW
GDF0704,25,25,0,25,1,0,-3.6358682526283785,0,-0.03884910771973231,LOW
GHH0288,23,23,0,12,-1,1,-1.9883566846737166,0,0.5787544878799451,MEDIUM
GHL0460,24,24,0,21,1,0,-3.2638980068452166,0,-0.03487462043281841,LOW
GJD0298,25,25,0,43,1,0,-3.5218436885099247,0,-0.03763075978566427,LOW
GJT0386,215,214,1,24,1,0,-0.5849528508992106,0,-0.006250197954538111,LOW
GKO0078,406,403,1,44,1,0,0.5171500151611246,1,0.005525727350470419,LOW
GLR0975,262,260,1,33,1,0,-1.25768660119814,0,-0.01343833132905449,LOW
GMF0738,364,361,1,30,1,0,-0.7185266525428393,0,-0.0076774287142985015,LOW
GNS0178,219,216,1,30,1,0,-0.6977475578611843,0,-0.007455404913787421,LOW
GNZ0953,24,24,0,26,1,0,-3.6635204870459015,0,-0.039144570745049866,LOW
GOK0238,215,214,1,33,1,0,-1.030763989508814,0,-0.011013672245439818,LOW
GQF0659,71,71,1,40,1,0,-3.5914853719980075,0,-0.038374878404829366,LOW
GQP0743,351,349,1,47,1,0,0.1135631051586834,0,0.0012134172634301749,LOW
GRC0145,250,249,1,30,1,0,-1.134509825998865,0,-0.012122192383473453,LOW
GRM0868,364,362,1,21,1,0,0.051587313981794614,0,0.0005512083988196237,LOW
GTD0116,326,315,1,43,1,0,5.8095781604051435,1,0.06207511165912758,LOW
GTD0219,265,265,1,40,1,0,-0.7770604550163507,0,-0.00830286006646455,LOW
GTD0898,72,72,1,23,1,0,-3.4567058991894237,0,-0.036934765096608084,LOW
GZB0469,24,24,0,46,1,0,-3.212565628890697,0,-0.03432613601531413,LOW
GZC0735,394,383,1,44,1,0,5.28521935558514,1,0.05647235867776851,LOW
HAC0282,212,211,1,37,1,0,-0.9647259906954955,0,-0.010308058853744575,LOW
HAD0246,350,345,1,44,1,0,0.04078342493606679,0,0.00043576927392116285,LOW
HAH0248,222,222,1,33,1,0,-0.9484925696676503,0,-0.010134605395491618,LOW
HAH0760,75,75,1,34,1,0,-3.6672576625296984,0,-0.03918450231650673,LOW
HAM0985,217,217,1,20,1,0,-0.02365432651746928,0,-0.0002527455383595303,LOW
HAV0121,221,221,1,46,1,0,-0.28000388168482027,0,-0.0029918303430420227,LOW
HBB0056,203,201,1,37,1,0,-0.7755747043651617,0,-0.008286984879829012,LOW
HBO0413,219,218,1,41,1,0,-0.8248345203741698,0,-0.008813324055349119,LOW
HCC0344,75,75,1,25,1,0,-3.4735053043158888,0,-0.037114266072451656,LOW
HCL0113,220,218,1,43,1,0,-0.6060448613766749,0,-0.006475565247886098,LOW
HCL0651,71,70,1,21,1,0,2.680178788321579,1,0.02863760379116492,LOW
HCM0267,219,219,1,36,1,0,-0.9222293959709336,0,-0.009853984428747783,LOW
HCS0003,666,665,1,35,-1,1,12.88430694709569,1,0.7376683074586026,HIGH
HCV0478,361,361,1,46,1,0,0.9166382264085076,1,0.00979424300427429,LOW
HCW0419,225,225,1,40,1,0,-0.794583125744966,0,-0.008490089106510562,LOW
HDD0789,341,340,1,44,1,0,-0.10827760915603224,0,-0.0011569419487895052,LOW
HDD0806,295,292,1,47,1,0,-0.3089018142317743,0,-0.0033006036033444565,LOW
HDH0928,212,211,1,40,1,0,-0.8357459083610452,0,-0.008929911802159659,LOW
HDJ0446,24,24,0,18,1,0,-2.925756233564391,0,-0.031261589029595346,LOW
HDL0748,350,336,1,25,1,0,10.272252306388209,1,0.10975860747612541,LOW
HDS0367,257,257,1,50,1,0,0.23466639374969223,1,0.0025074010870422794,LOW
HFB0347,69,69,1,34,1,0,-3.898013675500166,0,-0.041650121140397026,LOW
HGG0240,212,212,1,20,1,0,0.004636977045393635,0,4.9545915367037276e-05,LOW
HGH0595,23,23,0,41,1,0,-3.5982444986342452,0,-0.03844709940419938,LOW
HGN0287,236,235,1,45,1,0,-0.5699098693158382,0,-0.006089464294418298,LOW
HIA0414,210,210,1,38,1,0,-0.8228433943634182,0,-0.008792048953090029,LOW
HIW0536,319,318,1,39,1,0,-0.7594745871809871,0,-0.008114955767845608,LOW
HJA0018,261,261,1,39,1,0,-0.8440037917601986,0,-0.009018146957951891,LOW
HJB0742,349,346,1,41,1,0,-0.6138538443455419,0,-0.00655900392042869,LOW
HJS0072,216,215,1,44,1,0,-0.5634510657086829,0,-0.006020452234673399,LOW
HKB0418,221,220,1,50,1,0,0.13659037288159603,0,0.0014594627035012908,LOW
HKF0831,24,24,0,23,1,0,-3.4483393063691716,0,-0.03684536838497362,LOW
HKI0171,360,358,1,31,1,0,-0.6515163506835402,0,-0.006961426303215052,LOW
HKR0628,355,355,1,21,1,0,0.758254709280324,1,0.008101921420978523,LOW
HLH0512,100,100,1,15,-1,1,-1.0259458513423556,0,0.589037809369303,MEDIUM
HLM0933,220,219,1,36,1,0,-1.048146453725472,0,-0.011199403184480079,LOW
HMM0108,236,235,1,33,1,0,-1.1543605751929038,0,-0.012334296849359728,LOW
HMW0713,25,25,0,38,1,0,-3.819951012820397,0,-0.04081602469338105,LOW
HOB0994,221,220,1,38,1,0,-0.9957532303925771,0,-0.010639583676286344,LOW
HPH0075,529,527,1,40,-1,1,4.471387169025519,1,0.6477765941217827,HIGH
HPM0986,325,322,1,41,1,0,-0.8083830494362683,0,-0.008637540742476723,LOW
HPR0585,24,24,0,34,1,0,-3.8766406754273794,0,-0.04142175148439497,LOW
HRB0351,474,467,1,19,-1,1,2.4526947003436916,1,0.6262069453557308,HIGH
HRD0635,71,71,1,24,1,0,-3.5639014845067427,0,-0.03808014566370146,LOW
HRL0540,212,212,1,43,1,0,-0.5338076087592104,0,-0.0057037130757715895,LOW
HRW0550,218,218,1,38,1,0,-0.862324843490345,0,-0.009213906667256187,LOW
HSB0196,365,365,1,44,1,0,0.7828038999622302,1,0.008364228547355882,LOW
HSD0457,22,22,0,38,1,0,-3.714845573349535,0,-0.03969297725155432,LOW
HSG0818,215,215,1,18,1,0,0.2653593546735998,1,0.002835354154183377,LOW
HSP0290,25,25,0,38,1,0,-3.819951012820397,0,-0.04081602469338105,LOW
HTF0641,74,74,1,38,1,0,-3.583084758451475,0,-0.03828511818308724,LOW
HTH0007,663,650,1,37,-1,1,11.451874349625404,1,0.7223628221071599,HIGH
HVB0037,377,376,1,17,1,0,1.1573672089777884,1,0.012366422611809544,LOW
HVF0067,207,203,1,44,1,0,0.3916778881741354,1,0.004185062662299253,LOW
HWH0646,73,73,1,17,1,0,-2.82089853286507,0,-0.030141188666692603,LOW
HWM0342,75,75,1,45,1,0,-3.0019624442709003,0,-0.032075849361088274,LOW
HWW0436,237,237,1,45,1,0,-0.41975458465361815,0,-0.004485061047872531,LOW
HWY0038,250,249,1,47,1,0,-0.37461373174903323,0,-0.004002732829356068,LOW
HXL0968,23,23,0,45,1,0,-3.2792405821251704,0,-0.03503855523967455,LOW
IAR0694,255,254,1,12,-1,1,0.9686334234594163,1,0.6103498096174702,HIGH
IAT0263,218,217,1,28,1,0,-0.8986857269195725,0,-0.009602421261013957,LOW
IBB0359,254,248,1,48,1,0,1.5496408385814389,1,0.016557850747596897,LOW
IBB0696,22,22,0,47,-1,1,-3.0356248067607794,0,0.5675644696340996,MEDIUM
IBM0671,237,236,1,50,1,0,0.06418012446816213,0,0.000685762078185043,LOW
IBP0883,73,72,1,30,1,0,1.8616605774275223,1,0.019891769251478727,LOW
IBS0836,27,27,0,10,-1,1,-1.774628235106907,0,0.5810381678658714,MEDIUM
ICH0294,24,24,0,32,1,0,-3.872547325983117,0,-0.04137801420833176,LOW
ICS0956,24,24,0,22,1,0,-3.360217342612413,0,-0.03590378870590086,LOW
IDO0176,361,361,1,34,1,0,0.17211578226137703,1,0.0018390502902585941,LOW
IEB0153,134,134,1,44,-1,1,0.3079499717216715,1,0.6032904332039686,HIGH
IHK0841,23,23,0,35,1,0,-3.8308064846494245,0,-0.04093201497826818,LOW
IIA0092,214,213,1,39,1,0,-0.9034986102324243,0,-0.009653846727854873,LOW
IIL0513,90,90,1,37,-1,1,-2.7676291096689996,0,0.570427993002202,MEDIUM
IIW0249,245,243,1,39,1,0,-1.0560012269440862,0,-0.01128333112402063,LOW
IJM0139,25,25,0,45,1,0,-3.3452135514120043,0,-0.03574347379346483,LOW
IJM0444,204,204,1,36,1,0,-0.8404633562967777,0,-0.0089803175457905,LOW
IJM0776,70,70,1,41,1,0,-3.560944683024882,0,-0.038048552357428156,LOW
IJR0825,25,25,0,38,1,0,-3.819951012820397,0,-0.04081602469338105,LOW
IJW0851,354,349,1,21,1,0,0.0640259833100163,0,0.0006841150860388004,LOW
IKP0472,34,34,0,32,-1,1,-4.149389155071427,0,0.5556639418548989,MEDIUM
IKR0401,208,207,1,40,1,0,-0.8028941751507226,0,-0.008578892338969506,LOW
ILC0838,25,25,0,40,1,0,-3.7253024924912452,0,-0.03980470901682365,LOW
ILH0958,23,23,0,28,1,0,-3.7291221335640055,0,-0.039845521729819804,LOW
ILJ0526,76,76,1,33,1,0,-3.63497855300545,0,-0.03883960131463516,LOW
ILR0304,22,22,0,20,-1,1,-3.0811874914639,0,0.5670776341595875,MEDIUM
IMB0481,359,358,1,19,1,0,0.5583499283341158,1,0.005965946784643836,LOW
IMG0320,364,351,1,37,1,0,8.11831419712006,1,0.0867438644176817,LOW
IMP0530,71,71,1,40,1,0,-3.5914853719980075,0,-0.038374878404829366,LOW
IRM0931,305,303,1,44,1,0,-0.6653876439594979,0,-0.007109640520355652,LOW
IRT0491,367,366,1,17,1,0,0.9737224415872932,1,0.01040418557383078,LOW
IUB0565,202,202,1,44,1,0,-0.38743538308651065,0,-0.004139731664117043,LOW
IUY0279,203,199,1,38,1,0,0.037197907780819106,0,0.00039745816567501847,LOW
IWM0816,204,203,1,35,1,0,-0.9341547642279016,0,-0.00998140651442911,LOW
IYB0918,211,211,1,17,1,0,0.44255747229530323,1,0.0047287089956969276,LOW
JAD0609,360,358,1,18,1,0,0.36961010122289095,1,0.00394926923612512,LOW
JAJ0849,31,31,0,22,-1,1,-3.582936487058839,0,0.5617164660908479,MEDIUM
JAM0382,220,217,1,25,1,0,-0.43268196078941146,0,-0.004623189547899967,LOW
JAV0361,254,253,1,36,1,0,-1.1770353270144132,0,-0.012576575671040136,LOW
JBD0616,360,358,1,40,1,0,-0.4410898302641926,0,-0.00471302729894694,LOW
JBM0350,336,334,1,37,1,0,-0.8943009335168834,0,-0.009555569917842571,LOW
JCC0225,273,273,1,47,1,0,-0.1071662256273429,0,-0.0011450668599732987,LOW
JCG0316,367,360,1,47,1,0,1.548364033554387,1,0.01654420813664773,LOW
JCR0172,410,409,1,43,1,0,1.185473983998113,1,0.012666742385395816,LOW
JCR0289,23,23,0,32,1,0,-3.8364144622463274,0,-0.04099193599592178,LOW
JCR0770,73,73,1,40,1,0,-3.5124480018436923,0,-0.037530367247201574,LOW
JCR0921,209,209,1,47,1,0,-0.11168920715286297,0,-0.0011933947377428698,LOW
JCV0245,214,214,1,40,1,0,-0.751595256268982,0,-0.008030765430327571,LOW
JCW0858,360,357,1,14,1,0,0.836763632865775,1,0.008940786148028675,LOW
JDB0169,326,322,1,20,1,0,-0.197270863124124,0,-0.002107831329128464,LOW
JDC0030,328,326,1,31,1,0,-1.0206423916477918,0,-0.01090552337472251,LOW
JDF0593,21,21,0,30,-1,1,-3.721557528031759,0,0.5602353057795287,MEDIUM
JER0404,220,219,1,38,1,0,-0.9892400384521092,0,-0.010569990479362442,LOW
JFC0557,221,219,1,22,1,0,-0.3911606906425711,0,-0.004179536427237902,LOW
JFC0757,68,68,1,31,1,0,-3.9367126895111886,0,-0.04206361856645882,LOW
JGM0934,216,216,1,30,1,0,-0.8529542709144295,0,-0.009113782471850001,LOW
JGT0221,267,266,1,45,1,0,-0.5982876714798329,0,-0.006392679982258834,LOW
JHP0583,26,26,0,37,1,0,-3.8871240695048765,0,-0.04153376613330054,LOW
JIG0128,208,207,1,25,1,0,-0.6111364216297654,0,-0.006529968366753462,LOW
JIM0095,242,241,1,10,-1,1,1.4274086789962899,1,0.6152518049822955,HIGH
JJB0127,209,206,1,26,1,0,-0.3588011004112366,0,-0.0038337754922109744,LOW
JJB0700,23,23,0,15,1,0,-2.4745959193731624,0,-0.026440959010283482,LOW
JJH0292,25,25,0,35,1,0,-3.900438346896519,0,-0.041676028657863795,LOW
JJH0613,338,335,1,50,-1,1,0.3341612816874633,1,0.6035705000088095,HIGH
JJM0203,220,219,1,37,1,0,-1.0233263785023916,0,-0.010934201667550453,LOW
JKB0126,203,202,1,43,1,0,-0.5468307365789351,0,-0.005842864678734811,LOW
JKF0465,25,25,0,10,-1,1,-1.7019937851551559,0,0.5818142640757105,MEDIUM
JKJ0698,33,33,0,16,-1,1,-2.941743681091559,0,0.5685675857292267,MEDIUM
JKM0303,22,22,0,46,1,0,-3.1438865497780712,0,-0.03359230278562832,LOW
JLM0364,248,244,1,35,1,0,-0.672228181934633,0,-0.007182731396644922,LOW
JLW0053,335,332,1,42,1,0,-0.6598637452274942,0,-0.007050617882030579,LOW
JMB0308,354,348,1,41,1,0,0.23475696134748048,1,0.0025083687982237423,LOW
JMC0925,242,239,1,33,1,0,-0.9924909665770476,0,-0.01060472651712276,LOW
JMD0520,72,72,1,21,1,0,-3.289640088125734,0,-0.03514967354781342,LOW
JMH0543,217,217,1,44,1,0,-0.46892572824894607,0,-0.005010452762178019,LOW
JMK0099,219,218,1,40,1,0,-0.8866747493936422,0,-0.009474084443697534,LOW
JML0909,72,72,1,24,1,0,-3.5279433651847882,0,-0.037695934588416274,LOW
JMW0638,74,74,1,43,1,0,-3.2405461351706357,0,-0.03462510661242974,LOW
JNA0559,216,215,1,10,1,0,1.591777065581631,1,0.017008074657786768,LOW
JNJ0556,208,207,1,43,1,0,-0.591056575520452,0,-0.006315416009436213,LOW
JOL0024,250,249,1,50,1,0,0.03747352381700586,0,0.0004004031120633713,LOW
JOM0750,355,347,1,35,1,0,1.3536142851228374,1,0.014463314817771654,LOW
JPA0667,197,196,1,49,-1,1,0.18276516342811155,1,0.6019528385046131,HIGH
JPW0741,372,370,1,40,1,0,-0.2528233095468624,0,-0.002701407010428654,LOW
JRF0835,25,25,0,44,1,0,-3.437627724692713,0,-0.03673091556064572,LOW
JRG0207,346,344,1,42,1,0,-0.4822821886603428,0,-0.005153166010630183,LOW
JRH0455,22,22,0,19,-1,1,-2.9681074898570063,0,0.5682858894807746,MEDIUM
JRL0574,23,23,0,19,1,0,-3.008155703535445,0,-0.03214202409009023,LOW
JRS0362,269,268,1,50,1,0,0.05025260222959971,0,0.0005369470568146353,LOW
JSA0775,73,73,1,50,-1,1,-2.4600008817326877,0,0.5737149883866164,MEDIUM
JSH0330,73,73,1,20,1,0,-3.1570355342376084,0,-0.03373279916178396,LOW
JTM0223,248,247,1,35,1,0,-1.185417815567274,0,-0.012666142227945522,LOW
JTS0389,239,239,1,31,1,0,-0.9532709536707089,0,-0.010185662238579064,LOW
JXH0493,335,332,1,36,1,0,-0.9972446808232631,0,-0.010655519764839189,LOW
JZD0888,69,69,1,20,1,0,-3.295024069066392,0,-0.035207201170101,LOW
KAC0124,222,222,1,33,1,0,-0.9484925696676503,0,-0.010134605395491618,LOW
KAL0395,214,213,1,13,1,0,0.9878749917307494,1,0.010555405009418026,LOW
KAT0270,221,220,1,21,1,0,-0.3157723884589476,0,-0.0033740154157925334,LOW
KAT0489,366,347,1,22,1,0,22.29001981133099,1,0.23816797544833182,LOW
KBB0189,270,269,1,49,1,0,-0.09489727268698833,0,-0.001013973585610676,LOW
KBC0054,202,201,1,42,1,0,-0.6170836330714464,0,-0.006593514084550819,LOW
KBG0549,242,241,1,16,1,0,0.2757133173382653,1,0.0029459858335889482,LOW
KBL0260,212,211,1,16,1,0,0.46751216941833107,1,0.004995348942275017,LOW
KBP0008,662,654,1,23,-1,1,8.778493359741708,1,0.693797852522028,HIGH
KBS0874,351,351,1,23,1,0,0.4758913929957902,1,0.0050848806130480454,LOW
KCB0815,208,206,1,16,1,0,0.5690903978136717,1,0.006080708273999268,LOW
KCF0045,255,250,1,40,1,0,-0.007190431886923365,0,-7.682947882518761e-05,LOW
KCO0122,202,202,1,30,1,0,-0.7669022387432815,0,-0.008194319929470445,LOW
KCS0173,346,342,1,39,1,0,-0.6766885690436342,0,-0.007230390455562699,LOW
KDS0349,338,338,1,18,1,0,0.8580721022302347,1,0.009168466295977952,LOW
KDT0346,70,70,1,36,1,0,-3.8179358091128215,0,-0.04079449232188872,LOW
KES0729,369,368,1,20,1,0,0.6032426156307238,1,0.006445623363505958,LOW
KJA0152,265,262,1,16,1,0,0.24001177625917847,1,0.002564516286627436,LOW
KJG0910,72,72,1,37,1,0,-3.7079741363934287,0,-0.0396195562208819,LOW
KJJ0293,21,21,0,41,1,0,-3.524663744142948,0,-0.03766089196797967,LOW
KJM0887,71,71,1,31,1,0,-3.834248860076641,0,-0.04096879662284153,LOW
KJP0371,249,248,1,36,1,0,-1.1704375140904946,0,-0.012506078302272537,LOW
KJS0618,369,361,1,19,1,0,2.066761922154072,1,0.022083268965194584,LOW
KJW0416,216,215,1,50,1,0,0.16816633744554021,1,0.0017968506294285666,LOW
KKC0683,211,209,1,32,1,0,-0.9050506035821175,0,-0.009670429715090165,LOW
KKS0119,335,330,1,15,1,0,0.8165490991211131,1,0.008724794658682814,LOW
KKW0879,356,353,1,36,1,0,-0.8013243145945055,0,-0.008562118441342893,LOW
KLH0596,23,23,0,30,1,0,-3.7991638129383016,0,-0.04059391428912553,LOW
KLM0639,73,73,1,20,1,0,-3.1570355342376084,0,-0.03373279916178396,LOW
KMB0922,199,199,1,43,1,0,-0.45373656724857003,0,-0.004848157180799516,LOW
KMS0657,70,70,1,17,1,0,-2.925093906700714,0,-0.031254512093390606,LOW
KMW0545,198,198,1,19,1,0,0.2417534259382453,1,0.002583125744201481,LOW
KNB0022,275,274,1,22,1,0,-0.5673182700620318,0,-0.006061773159431568,LOW
KNG0672,221,220,1,21,1,0,-0.3157723884589476,0,-0.0033740154157925334,LOW
KNW0644,72,71,1,15,1,0,3.56699667704971,1,0.03811321767296035,LOW
KPC0073,215,215,1,44,1,0,-0.46027596226860346,0,-0.004918030356586759,LOW
KPP0452,24,24,0,44,1,0,-3.405226295041962,0,-0.03638470757308584,LOW
KPR0497,335,332,1,50,-1,1,0.30888833255686143,1,0.603300459552184,HIGH
KQC0708,24,24,0,34,1,0,-3.8766406754273794,0,-0.04142175148439497,LOW
KQS0415,219,219,1,35,1,0,-0.9361981586299228,0,-0.010003240102370763,LOW
KRG0158,274,270,1,34,1,0,-0.8884345171572099,0,-0.009492887492284108,LOW
KRL0062,273,273,1,37,1,0,-0.8734100413671744,0,-0.009332351565830323,LOW
KRL0501,362,361,1,18,1,0,0.7434289426862841,1,0.007943508694383412,LOW
KRM0541,220,212,1,40,1,0,3.471952091506724,1,0.03709767005534039,LOW
KRV0372,265,262,1,40,1,0,-0.932199656599461,0,-0.009960516267152948,LOW
KSH0569,206,206,1,15,1,0,0.8112495437844551,1,0.008668169120617271,LOW
KSP0357,266,259,1,41,1,0,1.5067223028808294,1,0.01609926790004712,LOW
KSP0966,22,22,0,42,1,0,-3.494951404524492,0,-0.0373434168004985,LOW
KTG0091,212,208,1,46,1,0,0.5264868849453295,1,0.005625491432887177,LOW
KVS0425,215,215,1,20,1,0,-0.012849101231071879,0,-0.00013729213578264304,LOW
KVT0028,215,215,1,44,1,0,-0.46027596226860346,0,-0.004918030356586759,LOW
KWC0004,670,661,1,23,-1,1,9.306089065143391,1,0.6994351916574054,HIGH
KWE0082,222,221,1,38,1,0,-1.0020959887723826,0,-0.01070735579739089,LOW
LAF0991,223,223,1,40,1,0,-0.7883010501033774,0,-0.00842296537805116,LOW
LAM0911,335,334,1,42,1,0,-0.3714005772825206,0,-0.003968400401634176,LOW
LAP0338,94,94,1,42,-1,1,-2.1802303063896322,0,0.5767043258606728,MEDIUM
LBC0356,259,259,1,40,1,0,-0.797073078732691,0,-0.008516694155185597,LOW
LBF0214,426,415,1,18,-1,1,5.298267021993503,1,0.6566117724745757,HIGH
LBH0942,268,266,1,40,1,0,-1.0691123348908234,0,-0.011423422791142952,LOW
LCB0664,347,342,1,16,1,0,0.6856162656388596,1,0.007325782538723654,LOW
LCC0819,221,220,1,32,1,0,-1.0615467313607376,0,-0.011342584618227139,LOW
LCD0622,330,326,1,30,1,0,-0.9073196704409241,0,-0.009694674604259988,LOW
LDB0090,263,262,1,40,1,0,-1.0155724379645374,0,-0.010851351121194784,LOW
LDD0560,298,298,1,25,1,0,-0.40307958118038845,0,-0.004306889298747654,LOW
LDG0459,23,23,0,20,1,0,-3.121052660693287,0,-0.033348323588616995,LOW
LDM0587,24,24,0,49,1,0,-2.862087934610655,0,-0.030581295786682113,LOW
LEM0605,372,372,1,46,1,0,1.1522051783554141,1,0.012311266519848235,LOW
LFS0071,216,215,1,48,1,0,-0.11277118958134347,0,-0.0012049556769723124,LOW
LHB0606,355,354,1,37,1,0,-0.36709797845530745,0,-0.003922427304233751,LOW
LHB0967,25,25,0,37,1,0,-3.854978150838465,0,-0.04119028827044938,LOW
LHL0309,369,364,1,19,1,0,0.38463826058014816,1,0.0041098445213482125,LOW
LHN0151,118,118,1,13,-1,1,0.7513155709516374,1,0.6080277770038318,HIGH
LIM0674,207,207,1,18,1,0,0.31611596730460156,1,0.0033776865420978887,LOW
LJB0826,24,24,0,38,1,0,-3.786451948206048,0,-0.04045808851987633,LOW
LJJ0905,71,71,1,43,1,0,-3.3629462966729675,0,-0.03593294747153657,LOW
LJR0523,74,74,1,32,1,0,-3.7234750949840927,0,-0.03978518334711578,LOW
LJT0817,222,221,1,39,1,0,-0.958653572870064,0,-0.010243175310714964,LOW
LLV0602,358,354,1,36,1,0,-0.7167647465904372,0,-0.007658602819249244,LOW
LMF0980,260,255,1,42,1,0,0.08745647731167394,0,0.0009344689828663091,LOW
LNR0656,75,75,1,25,1,0,-3.4735053043158888,0,-0.037114266072451656,LOW
LNS0989,211,211,1,34,1,0,-0.9013456966874218,0,-0.009630842932224873,LOW
LOF0311,367,366,1,41,1,0,0.0599032258514256,0,0.0006400635865117381,LOW
LOM0086,223,223,1,18,1,0,0.22551035777565231,1,0.002409569206697308,LOW
LPC0492,354,351,1,30,1,0,-0.8321362649770634,0,-0.00889134290611873,LOW
LPH0572,24,24,0,40,1,0,-3.6921692984347705,0,-0.039450682155683044,LOW
LQC0479,374,372,1,27,1,0,-0.2902588223808069,0,-0.0031014039766493057,LOW
LQP0508,69,67,1,26,1,0,2.6872003981229664,1,0.028712629412718405,LOW
LRR0148,374,371,1,21,1,0,0.016144254210689324,0,0.00017250071435685665,LOW
LRW0970,25,25,0,10,-1,1,-1.7019937851551559,0,0.5818142640757105,MEDIUM
LTS0860,358,355,1,48,1,0,0.24199606619656477,1,0.002585718345714416,LOW
LUR0896,73,73,1,15,1,0,-2.5558289960655802,0,-0.02730893120497114,LOW
MAD0496,453,452,1,34,-1,1,1.9770648081771796,1,0.6211248588686465,HIGH
MAD0753,356,356,1,50,1,0,1.3601761938575778,1,0.014533428551705412,LOW
MAE0331,73,72,1,36,1,0,1.776393306843889,1,0.01898069185546019,LOW
MAH0149,262,262,1,41,1,0,-0.7256026942009006,0,-0.007753035938076375,LOW
MAH0864,356,342,1,30,1,0,9.993434282160651,1,0.10677944797286537,LOW
MAR0955,22,22,0,36,1,0,-3.7756041128261297,0,-0.04034217983014432,LOW
MAS0025,337,334,1,23,1,0,-0.5695997002653785,0,-0.006086150150446243,LOW
MAW0166,314,312,1,44,1,0,-0.6092366205710402,0,-0.006509669067975757,LOW
MBG0438,201,201,1,38,1,0,-0.7653888397777407,0,-0.008178149321695336,LOW
MBJ0312,365,361,1,22,1,0,-0.18153759255171775,0,-0.0019397219586062373,LOW
MBR0724,24,24,0,33,1,0,-3.8786929438353597,0,-0.04144367989073747,LOW
MBW0809,208,207,1,43,1,0,-0.591056575520452,0,-0.006315416009436213,LOW
MCD0125,262,262,1,36,1,0,-0.9440951644118509,0,-0.010087619295171187,LOW
MCF0327,371,366,1,39,1,0,-0.2353336851841823,0,-0.0025145310694887606,LOW
MCF0600,29,29,0,39,1,0,-3.894630067571407,0,-0.04161396742420814,LOW
MCJ0324,350,350,1,28,1,0,0.09417966120845,0,0.001006305935494229,LOW
MCS0035,327,325,1,42,1,0,-0.686549245183665,0,-0.007335751388065279,LOW
MCT0720,24,24,0,34,1,0,-3.8766406754273794,0,-0.04142175148439497,LOW
MDH0580,23,23,0,41,1,0,-3.5982444986342452,0,-0.03844709940419938,LOW
MDH0686,269,268,1,37,1,0,-1.1442432863553826,0,-0.012226194020387207,LOW
MDM0625,376,373,1,18,1,0,0.41137439798138664,1,0.004395519086470152,LOW
MDM0976,263,263,1,41,1,0,-0.7221371346220955,0,-0.0077160065717650885,LOW
MES0407,202,199,1,38,1,0,-0.42921318594710134,0,-0.004586125826625967,LOW
MFV0897,72,72,1,18,1,0,-2.9775677730016215,0,-0.03181519326849125,LOW
MGS0974,278,276,1,17,1,0,-0.03192300873804155,0,-0.0003410960791292705,LOW
MHA0798,216,214,1,11,1,0,1.4107228839829842,1,0.015073517925994007,LOW
MHG0244,212,211,1,42,1,0,-0.7034278626687334,0,-0.0075160987448111005,LOW
MHG0733,360,355,1,43,1,0,-0.001985312181322252,0,-2.1212981722791835e-05,LOW
MHH0180,82,82,1,19,1,0,-2.6557858389676867,0,-0.02837696609716535,LOW
MIB0904,72,72,1,22,1,0,-3.377271390265514,0,-0.036086010527017126,LOW
MIC0726,351,350,1,32,1,0,-0.4920462142709525,0,-0.0052574942360686565,LOW
MIL0255,224,224,1,38,1,0,-0.8847777387002289,0,-0.009453814959862243,LOW
MIM0712,24,24,0,16,1,0,-2.6593423621057,0,-0.028414967405490123,LOW
MJB0588,23,23,0,39,1,0,-3.7085574789637414,0,-0.039625789213052404,LOW
MJM0510,73,73,1,32,1,0,-3.7638493775568027,0,-0.04021658095115169,LOW
MJS0890,71,71,1,10,-1,1,-1.8182689097722524,0,0.5805718689921952,MEDIUM
MKG0711,23,23,0,17,1,0,-2.757770116307196,0,-0.029466664045713815,LOW
MKL0941,218,217,1,16,1,0,0.4168811826346752,1,0.004454358861544599,LOW
MKP0861,346,344,1,36,1,0,-0.8133860339348085,0,-0.00869099743292843,LOW
MKS0204,273,273,1,21,1,0,-0.17201706249282034,0,-0.0018379954734565954,LOW
MKW0441,72,72,1,15,1,0,-2.59173232474576,0,-0.027692556844427393,LOW
MLD0755,356,356,1,24,1,0,0.47565060467476683,1,0.005082307799411487,LOW
MLG0475,24,24,0,45,1,0,-3.3129950706555453,0,-0.035399220607566534,LOW
MLL0598,25,25,0,44,1,0,-3.437627724692713,0,-0.03673091556064572,LOW
MLM0950,30,30,0,24,-1,1,-3.721580275505801,0,0.5602350627236731,MEDIUM
MLP0668,221,221,1,40,1,0,-0.7813372405034724,0,-0.00834855734935242,LOW
MMB0488,342,339,1,21,1,0,-0.3290198440615997,0,-0.003515563952197217,LOW
MMG0943,223,221,1,23,1,0,-0.5137171745710021,0,-0.0054890475852523235,LOW
MNC0717,24,24,0,30,1,0,-3.8356626036410955,0,-0.040983902416618256,LOW
MNR0829,21,21,0,41,1,0,-3.524663744142948,0,-0.03766089196797967,LOW
MNS0224,251,251,1,46,1,0,-0.30479594685615075,0,-0.00325673257368236,LOW
MOH0273,247,245,1,39,1,0,-1.065617339074875,0,-0.011386078899808156,LOW
MOP0763,71,71,1,43,1,0,-3.3629462966729675,0,-0.03593294747153657,LOW
MOS0047,259,259,1,49,1,0,0.09537921948069283,0,0.0010191231679395382,LOW
MPM0220,269,268,1,35,1,0,-1.1890179121911915,0,-0.012704609117234731,LOW
MPT0376,228,228,1,19,1,0,0.06299022512763264,0,0.0006730480510410585,LOW
MSD0939,211,209,1,24,1,0,-0.4825931390774072,0,-0.005156488503473344,LOW
MSG0839,25,25,0,42,1,0,-3.597861458192705,0,-0.03844300663231094,LOW
MSH0040,262,260,1,41,1,0,-0.99465154907821,0,-0.010627812255244416,LOW
MSO0222,268,264,1,32,1,0,-0.8499022242695375,0,-0.009081171474796588,LOW
MSS0001,891,883,1,21,-1,1,24.664882815760503,1,0.863543292227754,HIGH
MSZ0310,358,358,1,24,1,0,0.5132668793752824,1,0.005484236198989484,LOW
MTB0620,359,349,1,38,1,0,3.628152558678062,1,0.03876666583664382,LOW
MTT0901,71,71,1,41,1,0,-3.5235074645496156,0,-0.03764853716649779,LOW
MVB0515,73,73,1,38,1,0,-3.6245051572882834,0,-0.03872769349781219,LOW
MVF0594,24,24,0,35,1,0,-3.8663904797519075,0,-0.04131222855114323,LOW
MVH0373,247,246,1,44,1,0,-0.6988897463679489,0,-0.0074676091525695786,LOW
MYD0978,271,271,1,39,1,0,-0.8042811315973444,0,-0.008593711913457232,LOW
NAB0801,222,221,1,28,1,0,-0.9268755822994388,0,-0.009903628744938714,LOW
NAB0903,69,69,1,44,1,0,-3.344798272100889,0,-0.03573903655053678,LOW
NAF0033,329,327,1,34,1,0,-1.0291793456843876,0,-0.010996740389180162,LOW
NAF0326,483,478,1,33,-1,1,1.5498098593165623,1,0.6165596567274315,HIGH
NAH0503,416,416,1,33,-1,1,1.5222548933832856,1,0.6162652330120008,HIGH
NAR0981,213,213,1,39,1,0,-0.7974290582695435,0,-0.008520497782383367,LOW
NBC0412,245,242,1,14,1,0,0.7202712931195936,1,0.007696070129495421,LOW
NBH0256,218,217,1,41,1,0,-0.818115177849629,0,-0.008741528147630802,LOW
NCE0097,223,223,1,48,1,0,-0.04500796503421567,0,-0.000480908316905097,LOW
NCH0179,267,266,1,17,1,0,0.07465935132251533,0,0.0007977322004770098,LOW
NCK0295,24,24,0,31,1,0,-3.858203864542272,0,-0.04122475489312242,LOW
NCK0421,207,206,1,40,1,0,-0.7942551579464894,0,-0.00848658478362361,LOW
NCO0666,219,217,1,40,1,0,-0.8148398466138416,0,-0.008706531363601314,LOW
NDM0417,222,222,1,44,1,0,-0.4875675601206375,0,-0.005209639994540726,LOW
NGC0058,260,260,1,44,1,0,-0.49000128569802825,0,-0.005235644255571904,LOW
NGF0157,241,240,1,45,1,0,-0.5855651156240198,0,-0.006256739978779476,LOW
NGO0690,218,217,1,43,1,0,-0.6667257363539107,0,-0.007123937984388328,LOW
NHE0919,220,217,1,25,1,0,-0.43268196078941146,0,-0.004623189547899967,LOW
NHH0185,72,72,1,41,1,0,-3.48456365106169,0,-0.037232424067758334,LOW
NIH0969,24,24,0,43,1,0,-3.489259313583125,0,-0.03728259703510358,LOW
NJB0243,220,220,1,23,1,0,-0.38572603634509384,0,-0.004121467362147447,LOW
NJC0705,24,24,0,43,1,0,-3.489259313583125,0,-0.03728259703510358,LOW
NKH0807,214,212,1,45,1,0,-0.3574432763083506,0,-0.003819267195657783,LOW
NKH0979,263,263,1,30,1,0,-0.897527790425094,0,-0.009590048755609206,LOW
NKP0236,211,209,1,45,1,0,-0.32669883448915393,0,-0.003490764057197366,LOW
NLO0131,23,23,0,19,1,0,-3.008155703535445,0,-0.03214202409009023,LOW
NMB0972,25,25,0,45,1,0,-3.3452135514120043,0,-0.03574347379346483,LOW
NMC0486,332,330,1,42,1,0,-0.6387599312480605,0,-0.006825124468733347,LOW
NMF0780,72,72,1,44,1,0,-3.230885577697531,0,-0.03452188393992669,LOW
NMG0766,70,70,1,16,1,0,-2.796130398056164,0,-0.029876542131023316,LOW
NMS0280,80,80,1,39,1,0,-3.250132083751227,0,-0.03472753209188269,LOW
NNA0610,362,350,1,21,1,0,6.772917859846849,1,0.07236835804594338,LOW
NNS0059,220,216,1,42,1,0,0.010909929621111258,0,0.0001165721642303331,LOW
NOB0181,91,91,1,31,-1,1,-2.809347280641682,0,0.5699822360040445,MEDIUM
NRD0548,212,211,1,41,1,0,-0.7742200179284902,0,-0.008272510109114572,LOW
NRF0137,22,22,0,10,-1,1,-1.5815164723101336,0,0.583101559373365,MEDIUM
NRO0768,75,75,1,18,1,0,-2.8637317794356973,0,-0.030598860203279562,LOW
NSC0597,24,24,0,19,1,0,-3.046667406587816,0,-0.0325535201060062,LOW
NSS0876,359,353,1,26,1,0,0.0871558884545125,0,0.0009312572028787438,LOW
NUL0471,25,25,0,35,1,0,-3.900438346896519,0,-0.041676028657863795,LOW
NWK0215,381,380,1,21,1,0,0.7151581686171331,1,0.007641436597480918,LOW
NWT0098,222,220,1,35,1,0,-1.0207489328229984,0,-0.01090666176294359,LOW
OBH0499,484,483,1,35,-1,1,3.0980233896980316,1,0.6331022567436605,HIGH
OCB0805,214,214,1,37,1,0,-0.8762243458181972,0,-0.009362422296994707,LOW
OCS0865,355,345,1,29,1,0,3.505335062789852,1,0.037454365776216816,LOW
OHC0973,21,21,0,42,-1,1,-3.4575759669496566,0,0.563055938263967,MEDIUM
OJK0233,215,215,1,40,1,0,-0.7563554106748134,0,-0.008081627490893438,LOW
OKB0439,221,221,1,41,1,0,-0.7209473427602549,0,-0.007703293693026621,LOW
OKC0107,214,212,1,32,1,0,-0.9375463603855712,0,-0.010017645584526298,LOW
OLB0749,371,369,1,43,1,0,-0.03103274858442462,0,-0.0003315836847840003,LOW
OLF0504,344,341,1,41,1,0,-0.6624763562042146,0,-0.007078533526441235,LOW
OLW0689,213,211,1,22,1,0,-0.3070485063571742,0,-0.0032808010823905907,LOW
OMM0944,23,23,0,17,1,0,-2.757770116307196,0,-0.029466664045713815,LOW
OMS0101,220,218,1,20,1,0,-0.14670941058570652,0,-0.001567584219043785,LOW
ONL0276,217,217,1,48,1,0,-0.024226799047648344,0,-0.00025886238458338256,LOW
ONW0083,198,198,1,46,1,0,-0.1571178727431351,0,-0.0016787982233626673,LOW
OQH0183,70,70,1,34,1,0,-3.8633283800013385,0,-0.04127951013705536,LOW
ORB0473,25,25,0,38,1,0,-3.819951012820397,0,-0.04081602469338105,LOW
ORG0339,74,74,1,50,-1,1,-2.4164527129703344,0,0.5741802988383972,MEDIUM
ORM0669,208,207,1,44,1,0,-0.5019115126559577,0,-0.00536290455707501,LOW
OSH0655,71,71,1,16,1,0,-2.7630965219469106,0,-0.029523576478199965,LOW
OYM0026,220,220,1,23,1,0,-0.38572603634509384,0,-0.004121467362147447,LOW
PAD0773,73,73,1,36,1,0,-3.703756193074165,0,-0.039574487664218075,LOW
PBP0002,267,260,1,49,1,0,2.411546734492381,1,0.02576728097662423,LOW
PDH0716,25,25,0,40,1,0,-3.7253024924912452,0,-0.03980470901682365,LOW
PDW0259,225,219,1,43,1,0,1.4403281122214986,1,0.015389848612639177,LOW
PES0085,258,257,1,35,1,0,-1.1965059931293525,0,-0.012784618964338072,LOW
PEV0323,368,366,1,47,1,0,0.3667848570327086,1,0.003919081614282773,LOW
PGC0066,269,269,1,32,1,0,-0.9270873991477058,0,-0.009905891999540756,LOW
PGH0184,74,74,1,30,1,0,-3.7046694450152,0,-0.03958424572489777,LOW
PGO0433,208,208,1,44,1,0,-0.42463315066499824,0,-0.004537188331735724,LOW
PID0426,217,215,1,43,1,0,-0.5780987905748904,0,-0.006176962592485438,LOW
PIS0522,73,73,1,44,1,0,-3.1899067288790937,0,-0.034084026569592314,LOW
PKB0281,219,216,1,39,1,0,-0.6138412349324114,0,-0.006558869189350731,LOW
PKB0429,219,217,1,34,1,0,-1.000530513500243,0,-0.010690628756350289,LOW
PLH0715,22,22,0,42,1,0,-3.494951404524492,0,-0.0373434168004985,LOW
PLH0862,363,359,1,32,1,0,-0.7215489644713309,0,-0.007709721997089406,LOW
PMC0328,71,71,1,20,1,0,-3.2290703490077584,0,-0.034502488293548704,LOW
PMJ0564,208,207,1,30,1,0,-0.9067122934834742,0,-0.009688184805618522,LOW
PMV0850,22,22,0,23,-1,1,-3.37124357191373,0,0.5639783964724098,MEDIUM
PNH0761,74,73,1,36,1,0,1.7447420103893363,1,0.018642499011276903,LOW
PNL0301,24,24,0,50,-1,1,-2.7288655757093747,0,0.5708421798213494,MEDIUM
POB0343,74,74,1,46,1,0,-2.9365866456669965,0,-0.031377311552302,LOW
PPF0435,228,228,1,42,1,0,-0.6720532504003627,0,-0.0071808622601563996,LOW
PRM0740,340,339,1,45,1,0,-0.018147022238772736,0,-0.00019390021110825913,LOW
PSF0133,24,24,0,42,1,0,-3.5650941411092534,0,-0.03809288915208008,LOW
PTH0552,221,221,1,20,1,0,-0.043219583005854816,0,-0.0004617995260368914,LOW
PTH0830,28,28,0,43,1,0,-3.610380895466399,0,-0.03857677632181621,LOW
QCH0110,69,69,1,34,1,0,-3.898013675500166,0,-0.041650121140397026,LOW
QJR0688,260,259,1,19,1,0,-0.21406690369513215,0,-0.002287296354830753,LOW
QNF0205,257,257,1,35,1,0,-0.9734189930840493,0,-0.010400943238638521,LOW
QNP0216,263,261,1,19,1,0,-0.29388717158166977,0,-0.003140172743599876,LOW
QOS0878,432,424,1,18,-1,1,2.472618219492155,1,0.6264198273656869,HIGH
QPM0727,347,343,1,43,1,0,-0.3623729267596041,0,-0.003871940314729941,LOW
QRM0739,375,373,1,33,1,0,-0.43516592828409384,0,-0.0046497306418198225,LOW
QSV0778,72,72,1,17,1,0,-2.857151595301668,0,-0.030528551197431017,LOW
RAB0589,25,25,0,36,1,0,-3.8818072504265753,0,-0.041476956132841934,LOW
RAG0275,223,222,1,23,1,0,-0.5486263555482758,0,-0.005862050796029651,LOW
RAH0440,221,218,1,18,1,0,0.33219037345279356,1,0.003549440932684073,LOW
RAM0447,30,30,0,35,-1,1,-4.04763639081447,0,0.5567511660953651,MEDIUM
RAR0725,25,25,0,32,1,0,-3.907144003113036,0,-0.04174767832792504,LOW
RAS0432,217,216,1,44,1,0,-0.5703765588172962,0,-0.006094450853186126,LOW
RAW0915,225,224,1,43,1,0,-0.7095533520779602,0,-0.007581549355603476,LOW
RBB0485,365,363,1,40,1,0,-0.36562803394356114,0,-0.003906721005569716,LOW
RCC0617,361,358,1,33,1,0,-0.7906969495057095,0,-0.00844856546790578,LOW
RCP0785,72,72,1,42,1,0,-3.408206605199129,0,-0.036416552068620094,LOW
RDM0115,260,257,1,42,1,0,-0.7662260011065316,0,-0.008187094357208512,LOW
RDM0150,120,120,1,39,-1,1,-0.46738533257090964,0,0.5950060063043967,MEDIUM
RDT0424,217,215,1,38,1,0,-0.8945515923320972,0,-0.009558248197317109,LOW
RFP0380,202,202,1,39,1,0,-0.7314502056754559,0,-0.007815516365688994,LOW
RGG0064,224,223,1,36,1,0,-1.0735358642227055,0,-0.011470688026177652,LOW
RGH0728,369,364,1,19,1,0,0.38463826058014816,1,0.0041098445213482125,LOW
RGN0408,213,213,1,11,1,0,1.5432715320158454,1,0.016489794960182748,LOW
RHC0335,71,71,1,36,1,0,-3.7813844381125974,0,-0.0404039423760085,LOW
RHL0992,219,214,1,36,1,0,0.3302320630558817,1,0.003528516463954133,LOW
RHO0732,352,349,1,20,1,0,-0.12547140536478474,0,-0.0013406569776666045,LOW
RHP0484,379,378,1,35,1,0,0.02009824339502564,0,0.00021474893158362048,LOW
RHY0079,437,420,1,20,-1,1,15.68697041693167,1,0.7676146552018428,HIGH
RIH0777,73,73,1,26,1,0,-3.6080041766285227,0,-0.0385513811755302,LOW
RJB0088,208,208,1,20,1,0,0.03033777197073032,0,0.0003241578872984652,LOW
RJM0381,220,220,1,41,1,0,-0.7172546932785269,0,-0.007663837880131541,LOW
RKD0604,354,354,1,17,1,0,1.2714568241525936,1,0.013585465613828307,LOW
RKF0164,212,212,1,40,1,0,-0.7415636491331768,0,-0.00792357810693124,LOW
RLB0719,24,24,0,14,1,0,-2.3601400682728886,0,-0.025218002791962374,LOW
RLG0856,361,358,1,18,1,0,0.22475618917076967,1,0.002401510945139358,LOW
RMS0266,213,211,1,33,1,0,-0.9379040553275939,0,-0.010021467540760108,LOW
RMW0542,217,213,1,17,1,0,0.9440573704199549,1,0.01008721546787044,LOW
RNF0765,69,69,1,41,1,0,-3.59687244046005,0,-0.03843243901716018,LOW
RNL0695,221,221,1,47,1,0,-0.16401639499650011,0,-0.0017525086593594087,LOW
RNP0211,323,316,1,39,1,0,0.8012494171894786,1,0.008561318165548051,LOW
ROB0272,218,217,1,39,1,0,-0.9324395600365383,0,-0.009963079625839723,LOW
RRA0938,208,207,1,35,1,0,-0.970631544657127,0,-0.010371159463023874,LOW
RRC0553,260,258,1,40,1,0,-1.0555495632023095,0,-0.011278505114897584,LOW
RRP0568,208,207,1,43,1,0,-0.591056575520452,0,-0.006315416009436213,LOW
RSC0089,223,219,1,41,1,0,-0.10765845124404216,0,-0.0011503262711171807,LOW
RSM0277,219,217,1,37,1,0,-0.9493833717794529,0,-0.010144123580638554,LOW
RTO0313,366,363,1,44,1,0,-0.14650376704401036,0,-0.0015653869259770062,LOW
RUM0880,362,360,1,40,1,0,-0.4114164124179298,0,-0.004395968009054151,LOW
RVC0232,208,207,1,34,1,0,-0.9763802240768009,0,-0.01043258387405958,LOW
RVF0201,265,262,1,36,1,0,-1.1074816775444474,0,-0.011833397691858451,LOW
RYB0718,24,24,0,19,1,0,-3.046667406587816,0,-0.0325535201060062,LOW
RZC0746,484,476,1,15,-1,1,3.628052030427673,1,0.6387655916962853,HIGH
SAA0999,208,207,1,20,1,0,-0.08390392909600086,0,-0.0008965101464286972,LOW
SAB0781,69,69,1,36,1,0,-3.85297513102041,0,-0.04116888608333214,LOW
SAC0592,25,25,0,24,1,0,-3.564324141636686,0,-0.03808466173833034,LOW
SAC0687,201,200,1,20,1,0,-0.013564932154262799,0,-0.0001449407607359966,LOW
SAH0599,24,24,0,13,1,0,-2.19824336146324,0,-0.02348814291660214,LOW
SAK0375,260,260,1,16,1,0,0.49432661869011985,1,0.00528186026662016,LOW
SAP0867,373,368,1,13,-1,1,1.3274439158909723,1,0.6141836854630449,HIGH
SAT0194,265,264,1,14,1,0,0.5773145269729614,1,0.006168582767080603,LOW
SBD0913,74,74,1,45,1,0,-3.0461100643113714,0,-0.03254756492594193,LOW
SBH0537,338,335,1,34,1,0,-1.0124573895363074,0,-0.010818066952591313,LOW
SBK0161,391,389,1,14,-1,1,1.4992098789072512,1,0.6160189979485782,HIGH
SBN0495,368,368,1,39,1,0,0.46549363503696983,1,0.0049737809826657,LOW
SBN0866,361,356,1,41,1,0,-0.17171013670527357,0,-0.0018347159836198152,LOW
SBN0971,29,29,0,41,1,0,-3.7821220962253674,0,-0.040411824223614674,LOW
SBQ0786,312,310,1,41,1,0,-0.8811750017494469,0,-0.009415319858785461,LOW
SCB0534,74,74,1,20,1,0,-3.118742184407954,0,-0.033323636241371156,LOW
SCF0608,388,386,1,35,1,0,-0.1794772068010595,0,-0.0019177068187799632,LOW
SCP0130,73,73,1,42,1,0,-3.36758252908056,0,-0.0359824854304783,LOW
SDB0106,216,215,1,35,1,0,-1.0354042946038606,0,-0.011063253720885076,LOW
SDF0017,270,270,1,11,-1,1,1.460011088083191,1,0.6156001604271398,HIGH
SDO0170,347,345,1,35,1,0,-0.8239971865205578,0,-0.008804377176415088,LOW
SED0886,71,71,1,22,1,0,-3.412879614418692,0,-0.03646648298633552,LOW
SEJ0677,217,216,1,44,1,0,-0.5703765588172962,0,-0.006094450853186126,LOW
SER0165,267,265,1,20,1,0,-0.4328146116252596,0,-0.0046246069168068985,LOW
SES0477,361,359,1,38,1,0,-0.5380534519187228,0,-0.005749079741119198,LOW
SGB0140,25,25,0,50,-1,1,-2.7601692409391525,0,0.5705077014029812,MEDIUM
SGG0787,323,322,1,14,-1,1,0.8635991902430804,1,0.609227523011642,HIGH
SGM0021,253,253,1,41,1,0,-0.7491232201804563,0,-0.008004351823008115,LOW
SGS0268,215,215,1,47,1,0,-0.1409205954314818,0,-0.0015057309592801725,LOW
SHR0334,72,71,1,36,1,0,1.8082147432088165,1,0.01932070263782118,LOW
SHW0578,24,24,0,39,1,0,-3.7434096735904445,0,-0.03999818352693962,LOW
SIJ0661,341,337,1,40,1,0,-0.6462035314195733,0,-0.006904659040613577,LOW
SJC0333,69,69,1,22,1,0,-3.4795374969037143,0,-0.037178719810416774,LOW
SJF0094,242,235,1,35,1,0,1.615846505046539,1,0.01726525566148508,LOW
SJO0209,323,319,1,39,1,0,-0.7894728222925933,0,-0.008435485717304082,LOW
SJW0451,22,22,0,43,1,0,-3.4194824872587697,0,-0.036537034420106106,LOW
SKG0759,71,71,1,22,1,0,-3.412879614418692,0,-0.03646648298633552,LOW
SLB0049,420,418,1,14,-1,1,2.1155601913499957,1,0.6226046765313676,HIGH
SLP0762,70,70,1,26,1,0,-3.716925800888561,0,-0.039715204400100415,LOW
SLT0907,68,68,1,16,1,0,-2.8576242333644855,0,-0.03053360131634046,LOW
SMB0804,208,201,1,38,1,0,2.4642736367334717,1,0.02633066583068519,LOW
SMH0291,31,31,0,23,-1,1,-3.6697782223740703,0,0.5607885656017718,MEDIUM
SMW0084,220,219,1,20,1,0,-0.18505564079523684,0,-0.0019773121642130786,LOW
SMY0792,212,211,1,43,1,0,-0.6233694425817735,0,-0.006660677709249234,LOW
SNC0187,75,75,1,40,1,0,-3.427409050935786,0,-0.036621729437840346,LOW
SNS0129,273,271,1,26,1,0,-1.0203659362733764,0,-0.010902569460038557,LOW
SOB0360,271,269,1,42,1,0,-0.9306890396519913,0,-0.009944375385130317,LOW
SOB0586,23,23,0,45,1,0,-3.2792405821251704,0,-0.03503855523967455,LOW
SOF0808,222,221,1,45,1,0,-0.5034075160849045,0,-0.0053788892942332476,LOW
SOG0411,217,215,1,26,1,0,-0.7088793041747563,0,-0.00757434718055742,LOW
SPA0141,267,266,1,43,1,0,-0.7911429125012115,0,-0.00845333056478154,LOW
SRH0155,286,286,1,34,1,0,-0.84395933215792,0,-0.009017671908869226,LOW
SRS0231,211,209,1,17,1,0,0.37353604579233735,1,0.00399121779775682,LOW
SSG0250,218,218,1,35,1,0,-0.9318952094996291,0,-0.00995726326199585,LOW
SSH0799,212,211,1,23,1,0,-0.4639475271525233,0,-0.004957260881392567,LOW
SSJ0784,93,93,1,19,-1,1,-2.0075484042098717,0,0.5785494251197507,MEDIUM
SSR0278,206,204,1,34,1,0,-0.8608831106747805,0,-0.009198501809444176,LOW
SSS0345,71,71,1,40,1,0,-3.5914853719980075,0,-0.038374878404829366,LOW
SVL0803,212,212,1,27,1,0,-0.6781482874914828,0,-0.007245987489140568,LOW
SVL0940,215,214,1,15,1,0,0.6114257387137807,1,0.0065330597082931185,LOW
SVS0871,352,352,1,23,1,0,0.4937172402500012,1,0.005275349082215957,LOW
SXM0895,74,74,1,14,1,0,-2.373751779201114,0,-0.025363443382038265,LOW
TAC0300,25,25,0,15,1,0,-2.5515469563004642,0,-0.027263177780331806,LOW
TAP0551,211,210,1,25,1,0,-0.6380516199372499,0,-0.006817556190539302,LOW
TBT0461,25,25,0,43,1,0,-3.5218436885099247,0,-0.03763075978566427,LOW
TCD0009,267,265,1,44,1,0,-0.7502725730397277,0,-0.008016632612611955,LOW
TDG0962,25,25,0,42,1,0,-3.597861458192705,0,-0.03844300663231094,LOW
TDJ0998,222,222,1,34,1,0,-0.9529216201903636,0,-0.010181929624230831,LOW
TDS0984,267,267,1,39,1,0,-0.8222153983904217,0,-0.008785338841087245,LOW
TEB0251,220,215,1,44,1,0,0.820015897157022,1,0.008761837257859013,LOW
TEM0093,218,216,1,28,1,0,-0.842646706987179,0,-0.009003646561108927,LOW
TEM0977,252,252,1,22,1,0,-0.3402105615774409,0,-0.0036351363239188078,LOW
TET0621,360,357,1,30,1,0,-0.766015700244471,0,-0.00818484730085881,LOW
THD0448,23,23,0,41,1,0,-3.5982444986342452,0,-0.03844709940419938,LOW
THR0873,367,366,1,37,1,0,-0.15844416461402333,0,-0.0016929695992706627,LOW
TIW0299,23,23,0,34,1,0,-3.840873726533869,0,-0.04103958305753691,LOW
TJB0302,22,22,0,42,1,0,-3.494951404524492,0,-0.0373434168004985,LOW
TJD0996,212,211,1,34,1,0,-1.0103096895851253,0,-0.010795118864003993,LOW
TJG0582,25,25,0,42,1,0,-3.597861458192705,0,-0.03844300663231094,LOW
TLH0648,67,67,1,32,1,0,-3.9743657932150893,0,-0.042465940482473694,LOW
TLK0993,217,216,1,41,1,0,-0.8112254017644269,0,-0.00866791116409314,LOW
TLM0797,213,212,1,43,1,0,-0.6310215754454509,0,-0.0067424404446541275,LOW
TMA0069,220,220,1,33,1,0,-0.9405592162605667,0,-0.010049837829761564,LOW
TNM0961,25,25,0,37,1,0,-3.854978150838465,0,-0.04119028827044938,LOW
TOR0193,261,259,1,30,1,0,-1.200860890607388,0,-0.012831150870743178,LOW
TPH0474,25,25,0,44,1,0,-3.437627724692713,0,-0.03673091556064572,LOW
TQS0212,322,314,1,14,-1,1,3.021041277698778,1,0.6322797059377039,HIGH
TRK0914,220,219,1,40,1,0,-0.8932685638699374,0,-0.009544539089211254,LOW
TSB0437,72,72,1,26,1,0,-3.645826126676445,0,-0.03895550720801773,LOW
TSG0906,73,73,1,41,1,0,-3.44411643563652,0,-0.03680024717909365,LOW
TSM0363,254,254,1,34,1,0,-0.9857024584571761,0,-0.01053219157776831,LOW
TSM0927,216,216,1,33,1,0,-0.9226473097235675,0,-0.009858449820578716,LOW
TSR0676,220,218,1,43,1,0,-0.6060448613766749,0,-0.006475565247886098,LOW
TTD1000,221,220,1,34,1,0,-1.07668062368016,0,-0.011504289655947096,LOW
TUC0632,72,72,1,38,1,0,-3.664423670458459,0,-0.0391542212239031,LOW
TVS0006,661,636,1,43,-1,1,37.435796763812334,1,1.0,HIGH
TVS0050,438,436,1,40,-1,1,1.2213385395421186,1,0.6130499537354336,HIGH
TYB0779,75,75,1,24,1,0,-3.410984916610981,0,-0.036446238215592,LOW
UAD0771,65,65,1,46,-1,1,-3.2679050400393646,0,0.5650825645768189,MEDIUM
UBF0645,72,72,1,34,1,0,-3.789420662832026,0,-0.04048980911762087,LOW
UCH0519,73,73,1,33,1,0,-3.7611264259404185,0,-0.040187486321393295,LOW
UCS0227,210,208,1,22,1,0,-0.27269428349922964,0,-0.002913727577053545,LOW
UFK0208,330,328,1,18,1,0,0.03595458084162195,0,0.0003841732667635143,LOW
UIR0043,260,258,1,19,1,0,-0.28469383321125163,0,-0.00304194228863272,LOW
UJC0737,342,333,1,16,1,0,3.5552244357756315,1,0.03798743174300298,LOW
USH0199,220,218,1,44,1,0,-0.5148207900063764,0,-0.005500839672300313,LOW
VAA0087,213,213,1,36,1,0,-0.8941246372635033,0,-0.00955368619938462,LOW
VCC0396,214,214,1,21,1,0,-0.13244057616292584,0,-0.0014151222905553413,LOW
VCY0751,344,344,1,37,1,0,-0.0834724676770009,0,-0.0008918999983212896,LOW
VEB0935,208,206,1,46,1,0,-0.18520275574829914,0,-0.001978884081637361,LOW
VFM0814,217,215,1,46,1,0,-0.2770319315941381,0,-0.00296007517448576,LOW
VIA0063,335,335,1,40,1,0,-0.0902265736320278,0,-0.0009640673519121803,LOW
VLB0647,72,72,1,48,1,0,-2.777810335350525,0,-0.029680792989406565,LOW
VMJ0147,344,344,1,23,1,0,0.3558826019148815,1,0.0038025914518148986,LOW
VMJ0546,217,211,1,20,1,0,1.9181295446966613,1,0.020495137921582474,LOW
VSA0230,214,213,1,47,1,0,-0.22524770202927025,0,-0.0024067627404902262,LOW
VSS0154,264,260,1,43,1,0,-0.37405202070212096,0,-0.0039967309691530525,LOW
VTT0385,221,221,1,14,1,0,0.9009843697283288,1,0.009626982168033073,LOW
WAB0143,202,202,1,43,1,0,-0.47477087640545623,0,-0.00507290793783129,LOW
WAS0254,217,216,1,43,1,0,-0.659925771293542,0,-0.007051280628080185,LOW
WBC0192,321,319,1,47,1,0,-0.21314314964653946,0,-0.0022774260795493614,LOW
WBC0315,355,351,1,40,1,0,-0.544711626694321,0,-0.005820222073872051,LOW
WDD0366,239,237,1,43,1,0,-0.7474160289429828,0,-0.00798611055251245,LOW
WDO0870,336,336,1,23,1,0,0.22895571146213967,1,0.0024463826738525506,LOW
WDV0573,24,24,0,48,1,0,-2.987112063927822,0,-0.03191717363756331,LOW
WGR0833,23,23,0,38,1,0,-3.7514168048008605,0,-0.04008373940556492,LOW
WGS0516,70,70,1,11,-1,1,-2.0283792199035515,0,0.5783268486822826,MEDIUM
WIF0691,204,204,1,33,1,0,-0.8525501209513128,0,-0.009109464145562822,LOW
WIQ0567,274,271,1,25,1,0,-0.8620967168800491,0,-0.00921146914349533,LOW
WJD0576,24,24,0,40,1,0,-3.6921692984347705,0,-0.039450682155683044,LOW
WKD0013,405,399,1,42,1,0,0.6937746044042459,1,0.007412954064061911,LOW
WKF0012,420,418,1,37,-1,1,0.584045551522596,1,0.6062405034967726,HIGH
WLV0566,209,209,1,10,1,0,1.7880440674384668,1,0.019105179769187085,LOW
WNB0908,69,69,1,38,1,0,-3.7751360091912662,0,-0.04033717816141728,LOW
WPE0538,70,70,1,21,1,0,-3.3589868546543755,0,-0.03589064099099258,LOW
WPR0368,323,322,1,48,1,0,0.13194932962475892,0,0.0014098733408266495,LOW
WRM0963,24,24,0,17,1,0,-2.7966478711315728,0,-0.02988207131025969,LOW
WSR0241,233,229,1,35,1,0,-0.5027774784274677,0,-0.005372157366913395,LOW
WTF0387,223,217,1,40,1,0,1.2416101773547774,1,0.01326655537947563,LOW
WTR0563,205,205,1,47,1,0,-0.08879298240593975,0,-0.0009487494866600229,LOW
WVB0539,333,327,1,43,1,0,0.3876058611383024,1,0.0041415532153223494,LOW
WXH0872,342,339,1,17,1,0,0.18610336403640182,1,0.0019885070453881768,LOW
XAA0104,214,212,1,41,1,0,-0.7027292998371377,0,-0.007508634628729876,LOW
XBN0229,223,223,1,34,1,0,-0.9565877412531965,0,-0.010221101982024767,LOW
XHG0902,73,73,1,44,1,0,-3.1899067288790937,0,-0.034084026569592314,LOW
XHW0498,350,346,1,37,1,0,-0.7462257363259044,0,-0.007973392323224178,LOW
XLB0710,23,23,0,46,1,0,-3.1789940980314775,0,-0.03396742554286417,LOW
XRS0633,74,74,1,34,1,0,-3.70948131424106,0,-0.0396356603562595,LOW
XWD0923,243,243,1,16,1,0,0.4863680244615354,1,0.005196823003715927,LOW
YCE0983,212,211,1,39,1,0,-0.8880055339663975,0,-0.009488303823946352,LOW
YDN0198,269,269,1,45,1,0,-0.35492057496930673,0,-0.003792312232150956,LOW
YEV0793,214,214,1,40,1,0,-0.751595256268982,0,-0.008030765430327571,LOW
YIC0195,333,332,1,18,1,0,0.33064990224400304,1,0.0035329810590662134,LOW
YJF0532,72,72,1,40,1,0,-3.552718682753525,0,-0.03796065787158877,LOW
YJV0699,23,23,0,17,1,0,-2.757770116307196,0,-0.029466664045713815,LOW
YWW0660,75,75,1,39,1,0,-3.487888868098905,0,-0.037267953879592655,LOW
ZCF0590,24,24,0,42,1,0,-3.5650941411092534,0,-0.03809288915208008,LOW
ZDW0859,368,364,1,39,1,0,-0.48444336645178976,0,-0.005176258109404863,LOW
ZFM0468,24,24,0,35,1,0,-3.8663904797519075,0,-0.04131222855114323,LOW
ZJE0857,392,387,1,35,1,0,-0.19389126884843866,0,-0.002071720498663092,LOW
ZJS0269,215,215,1,30,1,0,-0.8479154953060918,0,-0.009059943354813138,LOW
ZKS0899,72,72,1,47,1,0,-2.9033837210817306,0,-0.031022539623233703,LOW
ZMC0284,215,215,1,42,1,0,-0.6268482160937454,0,-0.00669784826591103,LOW
ZSB0649,74,74,1,23,1,0,-3.3805927173631023,0,-0.0361214987750012,LOW
ZSK0258,208,208,1,38,1,0,-0.811268710835778,0,-0.008668373919798588,LOW
ZSL0305,23,23,0,21,1,0,-3.2257523336364993,0,-0.03446703543122879,LOW
